chunk_id,text,subreddit,human_label,human_stance,stratum
djb0d2m_0,"It's just the NS that's making you feel this way. Once you ORD, you'll be alright.",singapore,neutral,neutral,random
uvubfk_1,"I am super concerned about my looks so no way I am going to Outfield with it. Not to mention I have Heavy load, Rmj and IPPT excuse so I am not sure what I can even do in the field.",NationalServiceSG,neutral,neutral,random
l9w6dg9_0,Who r the b3 ones from ur course,NationalServiceSG,neutral,neutral,random
gake1tt_0,"10 years of ICT, IPPT and shooting. Obviously",singapore,neutral,neutral,random
ndd3poq_0,I just say a quiet “Thank you” in times like this. I have had a few encounters in Tekong Camp 1 in the 2000s.,askSingapore,neutral,neutral,random
kfxmz6e_1,"Jokes aside I need to get the EXCUSE NONSENSE from MO, hopefully he gives me wish me luck. FORKING NS",NationalServiceSG,neutral,neutral,random
lfnqvls_0,"damn that’s extreme, i’ll never kms due to a few uneducated retards arnd me, two years will soon be up and i’ll soon take my leave. never to return",NationalServiceSG,uncommitted,neutral,random
l041dje_0,"If you can afford it, travel. Get away for a few months. Maybe take one year off.",askSingapore,neutral,neutral,random
ifuwyrw_1,dont listen to others who claim that nO iT wOnT mAtTeR uNlEsS yOu Go FoR gOvT jOb.. a big bulk of the ppl here have a lack of proper acting skills and too lazy to do their own research to do a proper chaokeng. all take the easy way out to chaokeng mental illness.,NationalServiceSG,neutral,neutral,random
j0vsw11_2,"They get off from that high, some of them at least, power tripping. Then, the training to be a paramedic takes 2 years. 1 year of studying and 1 year of hands on experience at the station before you graduate as a paramedic.",NationalServiceSG,neutral,neutral,random
hiprl40_1,"You wont get to do this during civilian life. Just take it as a unique experience that you are going through, and your company mates are suffering with you. All the best, and do well for SIT test.",NationalServiceSG,committed,supportive,random
li2iivl_0,"Ptp is actually quite chill,, the mono part not really",NationalServiceSG,neutral,neutral,random
f4v6yow_0,My platoonmate did in fact sign 3 extras for losing his 11B... Fucked up coy policy if you ask me,NationalServiceSG,neutral,critical,random
mxqqot6_0,Cb why got daiji ah I also INF u huan lo smlj?,NationalServiceSG,neutral,neutral,random
x9h4lr_2,How about carrying your phone with you during training? Anything that you strongly think that I should bring along/do in OCS? Thanks broskis =),NationalServiceSG,neutral,neutral,random
gob9bfp_0,"Don't Count the Days, Make the Days Count

but yea its usually the last 6months of so when you receive the  ""YOU ARE GOING TO ORD IN 6 MONTHS TIME"" email then yknow you are about to reach the end",NationalServiceSG,neutral,neutral,random
nmo7swo_1,"But the thing is i can’t do pull up, not even one. and cos of studying for a levels, have not worked out for so long, and after a levels i want to relax after studying so much so i prob be slacking and having fun, if not rotting.",NationalServiceSG,neutral,neutral,random
hgpn01i_0,Yes. This one very true. recent batch got cadets didn't get to commision because they were goofing around with their sword..,NationalServiceSG,neutral,neutral,random
mhvtv78_0,My man is actually cooked . Tbh just be there for him. Like yap w him daily and be that shoulder for him. Trust my guy will go insane without you,NationalServiceSG,neutral,neutral,random
hct46ff_1,Edit: Also remember that you’ll have another 6 months of SCS on top of your current MP vocational training. I personally didn’t want to re-do MP training as a spec so I decided not to push for SCS.,singapore,neutral,neutral,random
gtje90v_0,I enlisted on October so its December,NationalServiceSG,neutral,neutral,random
gg1aqtg_0,"Appreciate ur effort in typing this out and I thank you for sharing experiences. It really helps man, I was just dreading about attending the UIP tmr.",NationalServiceSG,neutral,neutral,random
g7zqkrh_0,"https://remembersingapore.files.wordpress.com/2013/04/national-servicemen-kampong-clearance-1971.jpg


https://remembersingapore.files.wordpress.com/2013/09/gotong-royong-at-kembangan-1971.jpg",NationalServiceSG,neutral,neutral,random
h8iwk0t_1,"We work hard and had fun together. Also, thanks to NS, I have started working out and keeping fit.",NationalServiceSG,neutral,supportive,random
1gd4mxw_0,"Down PES right after BMT(current B1). Hi there,

I was just wondering what is the procedure to down pes right after finishing BMT.",NationalServiceSG,neutral,neutral,random
ga57ofq_0,"Wow, I didn’t know MO can still doubt the private memo... but if I’m referred to NSC either via polyclinic or camp MO, it will be free of charge too if I’m not wrong",NationalServiceSG,neutral,neutral,random
eiy0pwt_0,"I just received my email from NS call centre, it says date of enlistment (DOE) has not been finalised. Therefore it is true that you'll have to wait blindly until they confirmed the date then they will send you letter 2 months in advance.",askSingapore,neutral,neutral,random
igdln7l_1,"But do take note that in ocs, getting gold means spending more time outside for book out. Those that get silver usually stay back to “train” and book out later.",NationalServiceSG,neutral,neutral,random
momjmea_0,[How can a person take time to Reddit but not Google?](https://www.police.gov.sg/Who-We-Are/Organisation-Structure/Organisational-Chart),NationalServiceSG,neutral,neutral,random
nhd5bv0_1,* **Submit your acknowledgement** by clicking the 'Read The Rules' option in the main menu of the subreddit or the menu of any comment/post in the sub. Once you’re done you can try submitting your post again.,NationalServiceSG,neutral,neutral,random
kga6adc_0,"Prior to NS, my full time job prwviously was ~2 hours commute to and from. It was tiring but thats just how it was.",NationalServiceSG,neutral,neutral,random
h22kbtu_1,"BMT will be one of the most fun and carefree time in your army life before you eventually go to command school or unit where you have much more responsibilities. For me personally, I am quite built but I ended up in PTP because there was some cock up in my PES status and I ended up not clearing my ippt in time. Being in ptp meant majority of my platoon mates were people who were obviously not that fit and had trouble passing ippt and you can imagine they don't have the most built physiques but I can tell you I never judged any of them when we were all shirtless and I'm sure they didn't judge me because for some reason the sun shines brighter in Tekong and it's hot as fuck so we knew it's for a practical and not a vain reason. At the end of the day if someone judges you they will be the minority so just fuck care them :)",NationalServiceSG,neutral,supportive,random
j23qpw1_0,3rd person won't be allowed on the boat so like they can only see the bus leave the interchange,NationalServiceSG,neutral,neutral,random
1guoo0x_1,"Right now my SAT score is 1490 but I need to bring it up to 1550 do be competitive for some of my target schools. Should I write the SAT in December, or would I be able to do it during NS? Have any of you done it?",NationalServiceSG,neutral,neutral,random
1mfnywv_3,"Finally, the recruit arrives at the MO’s office, and the MO knew it was time to take action. He uses domain expansion, “1 day LD”, to try and stop him.",NationalServiceSG,neutral,neutral,random
livrnlb_0,"School food prices are already set quite a low ceiling that some stores can't financially sustain business there and would eventually close shop. They have to buy ingredients at full price, and have to sell at a loss to keep the prices affordable to student allowance.",singapore,neutral,neutral,random
hck0wyw_2,"book out weekly from PLC, even on Ur first week, meaning no confinement
5. scs is basically 2 months of found term which everyone goes thru, the posting Infantry LDR doesn't mean u are in infantry btw, it's jus that found term is infantry training jus like bmt, after the 2 months u are left w 3months of pro term and 1.5 weeks of CAT term,
after found term u will get Ur vocation either thru the parade at coyline (cos covid), or thru the nsportal, cos the parade will announce all the cadets who are GG recons/infantry 1 day earlier compared to the nsportal, CAT term basically is jus nth ah 
5. simply enjoy Ur time in found term cos it's jus gonna get worse from the time u enter pro term onwards, cos as UK alrd, sgt = saikang, sgt life not as shiok as tekong one, those tekong sgts jus got lucky and get to enjoy life, there's many more places where u can end up, tekong sgt v low chance ngl",NationalServiceSG,neutral,critical,random
l6pmyi9_0,"They will deem that you are not tired enough to sleep, so need to do extra PT before lights off",NationalServiceSG,neutral,neutral,random
1jq2o0z_1,"Unfortunately,  the application date is alr over for my batch. Just wondering if there is still any chance for me to apply for this scheme?",NationalServiceSG,neutral,neutral,random
hvxb09s_2,"Anyway if your preference is the private sector, or any job outside of SAF, I'd say to just go for that instead. Don't sign on just to make your dad happy, and definitely don't sign on just for the rank. Unless rly no job outside or SAF is what you really want to do, signing on is a commitment and not something to be taken lightly",NationalServiceSG,neutral,neutral,random
co2lbva_0,"Here's the thing: ""failure to serve NS"" here means you didn't show up at Tekong/Kranji when your enlistement date came. Since you're already talking to an MO, you did. Don't worry about getting kicked out.",singapore,neutral,neutral,random
jjmdj16_1,"Put a lot of preparation in packing your pack, heaviest items at the bottom and closest to your back, adjust all the straps the night before. make sure the pack closes snugly without items rolling around inside.",NationalServiceSG,neutral,neutral,random
vb4t65_0,Can take leave for first year NSFs?. I got assigned combat trooper vocation.,NationalServiceSG,neutral,neutral,random
nx8bwa_0,What to expect as INF CARRIER VEH OPR voc?. Anyone knows about the training and what the voc is like?,NationalServiceSG,neutral,neutral,random
l90jww9_0,My workplace all Malaysians. Talk to them about NS they also don’t understand lol,NationalServiceSG,neutral,neutral,random
nb26d4q_0,"Highly doubt when it isnt service injury case

wa liddat alot ppl endure their visit to hospital until reservist just to claim, never underestimate us sgporeans haha",askSingapore,neutral,neutral,random
lr85xks_0,"Ur reservist unit is Shelter unit, Lucky guy. Ok basically PSRU is Shelter unit.",NationalServiceSG,neutral,neutral,random
kziet16_0,"people are enlisting rn, so i guess they're not used to how saf medical functions and are still unsure on what they can and cannot do ( eg 14 days mc can cause ooc, even if it basically never happens, due to falling below 75% attendance, these kinda of hard limits, plus all the limit report sick unit bullshit)",NationalServiceSG,neutral,neutral,random
fvzkng_0,All the BMT enciks when they heard the news of the suspension of BMT,singapore,neutral,neutral,random
1m17fy2_0,"where to pick up bf from ns??. hihii, first time ns gf here,, i wna pick up my bf for his first book out but idk whr to go.... got like any advice or smt im so lost LOL",NationalServiceSG,neutral,neutral,random
