chunk_id,text,subreddit,human_label,human_stance,stratum,v2_buyin,v2_c2d_strength,v2_stance
dbs1dap_0,"&gt; mandatory military service should be terminated

Tell that to Switzerland, South Korea, Israel, etc...

Notice the trend? * Most* small countries have military conscription.",singapore,neutral,supportive,neutral,neutral,,neutral
nm07y2t_0,Same but I went for ndu va and also signed up for the rsaf thing,NationalServiceSG,neutral,neutral,committed,committed,demonstrated,neutral
mgup4ns_0,"While comparing Spore to London Shanghai New York or SF, he conveniently fail to differentiate that Spore relies heavily on conscription shouldered by our Spore sons. Call it nativism or whatever big words but its Sporean son defending the country so that new citizen can call this place home.",singapore,neutral,critical,committed,neutral,,supportive
jvl0wdz_1,"I would only recommend if you really need the money or some people may say ""self growth"". Even if you get posted to a slack unit as an officer, you still cant compare to a man in terms of workload, responsibilities and getting arrowed.",NationalServiceSG,uncommitted,critical,uncommitted,uncommitted,,neutral
dasz8da_0,I've seen most people press statisfactoy/good in the survey....like wtf. I always tell my fellow reservist to be honest and just put bad lol.,singapore,uncommitted,critical,uncommitted,uncommitted,,neutral
141e5yq_0,Information on how HORRIBLE the NS system is,NationalServiceSG,neutral,critical,critical,neutral,,neutral
e2q38as_1,When NUS medical school introduced aptitude and vocational attachment for the first time in 1980 to cull highly academic qualified candidates Mindef allowed a small stream of wealthy families to send their sons (abt 140 over a decade) to overseas Medical schools from 1981 with disruption that went on for years. This was the exact scheme that favoured Tony Tan's son.,singapore,neutral,critical,critical,neutral,,neutral
ll49dvn_0,"SAF is not an organisation with no brains, although some regulars seem like they don't have. If your son has been diagnosed previously, there is no need for the MO to diagnose again.",NationalServiceSG,neutral,neutral,critical,neutral,,supportive
jb49qul_1,"felt it was going nowhere, hated myself for studying something i had no interest in. wasted 4 years of uni and 2 yrs of working in mindef.",askSingapore,uncommitted,critical,critical,uncommitted,,neutral
1i9oav5_0,"Signing on in RSAF/DIS with a non-relevant degree?. hi i’m (F) currently in a local uni and i’m interested in signing on after graduation due to several reasons (job security, financial concerns, desire to serve rather than chasing profits in corporate).",NationalServiceSG,committed,supportive,supportive,committed,demonstrated,neutral
hyuu26a_0,"If there is war, i will fight for my country",NationalServiceSG,committed,supportive,supportive,committed,explicit,neutral
l3zl7rb_0,"I experienced it before, and my only advice is to not think too much about the future and try to enjoy the process of the activity with all ur friends.",NationalServiceSG,committed,supportive,supportive,committed,demonstrated,neutral
