chunk_id,doc_type,subreddit,queue_type,trigger_term,sent_neg,lex_committed,lex_uncommitted,text,human_label,human_stance
jvvauby_3,comment,NationalServiceSG,committed_candidate,serve the nation,0.98300815,1.0,0.0,"Since you’re in the spf, your trainers/FIs especially will actually have similar feelings as you as they’re stuck at HTA for their two years training batch after batch of police officers. Imagine training for three months thinking you can actually serve the nation on the ground only to end up being stuck in the same place you spent 3 months prior.",uncommitted,critical
e5y0bxv_0,comment,singapore,committed_candidate,signed on,0.0021395541,1.0,0.0,"got posted to OCS (Army Wing) but signed on Air Force, signed the contract after the interview, any idea whether my posting will change? Or fixed already?",committed,supportive
i44dmsc_2,comment,NationalServiceSG,committed_candidate,brotherhood,0.0059908354,1.0,0.0,"Apart from extra pay, less boring work, and stronger brotherhood with your section-mates, being an ASA is much better than being a man in a combat unit

Also, the uppes process is very long. Depending on how much of your service you have already completed, you may have to extend your service in order to complete 6 months as a commnder once you finish scs/ocs",neutral,neutral
ly1z6c8_0,comment,NationalServiceSG,committed_candidate,love ns,0.99097896,2.0,0.0,"They're proud that they suffered more than us, or salty that we suffered less. Either ways idgaf they love ns so much y don't they sign on.",neutral,neutral
ibfzjqn_0,comment,NationalServiceSG,committed_candidate,national service is necessary,0.022233313,1.0,0.0,I don't think the current global state of affairs (especially given the recent conflict in Ukraine) is going to allow the government to abolish conscription altogether. I think most Singaporeans would agree that military national service is necessary for Singapore's survival.,committed,supportive
latki8b_0,comment,NationalServiceSG,committed_candidate,ns is necessary,0.7977467,1.0,0.0,"In my opinion, NS is necessary for our national security. Singapore, at the end of the day is a small nation of 5 million surrounded by neighbours that outnumber us 6 to 1, and without conscription, we wouldn't be able to sustain a credible deterrence. That being said, most Singaporeans that don't serve NS seem to think that they are entitled to our service and that our 2 years of sacrifice to ensure the common prosperity is just something we are obligated to do",committed,supportive
h1ctn0i_0,comment,NationalServiceSG,committed_candidate,sign on,0.8037524,1.0,0.0,"I’ll strongly encourage you to ask other pilots and WSOs tbvh (unless there are any browsing this forum). Of course you shouldn’t sign on if this isn’t really what you want, or what will make you happy.",neutral,neutral
mfry6hs_0,comment,askSingapore,committed_candidate,serve the nation,0.46127546,1.0,0.0,Nvm once war breaks out xin hui from HR can finally get a chance to serve the nation since everytime I go reservist she always say she want go too,committed,supportive
ivw6fd0_1,comment,NationalServiceSG,committed_candidate,defend singapore,0.022979293,1.0,0.0,Graduate liao can become cleaner/clown/paper shredder to defend singapore wor!!! Very good jobs you know?,uncommitted,critical
kwvrtdo_2,comment,NationalServiceSG,committed_candidate,necessary sacrifice,0.85472745,1.0,0.0,"There is nothing wrong with complaining, but while we complain we should count our blessings as well. We are grateful for the safe space that Singapore has afforded us growing up, and therefore NS is a necessary sacrifice to make. But NS shouldn’t be this tough, especially unnecessarily so.",committed,supportive
jfu6ksr_0,comment,NationalServiceSG,committed_candidate,sign on,0.0014256941,2.0,0.0,"To my understanding to sign on is the only way to get your preferred vocation, that being said I'm sure they also have some criteria for you to fit. But I'll caution you a few things before you sign on.",neutral,neutral
eet3l8j_0,comment,singapore,committed_candidate,serve our country,0.4311871,1.0,0.0,"&gt; # Outpouring of grief as family, friends mourn actor Aloysius Pang

&gt; SINGAPORE — Earlier this month, he posted on Facebook that he was “off to serve our country” and would be doing his reservist for three weeks in New Zealand. &gt; “May not be able to post much when I’m there so wait for my return yeah,” actor Aloysius Pang Wei Chong wrote on Jan 5 in a mix of English and Chinese.",neutral,neutral
nf1aphe_1,comment,NationalServiceSG,committed_candidate,ns is important,0.9832017,1.0,0.0,"If this fails, take MC on your 2nd/3rd day or any day that has crucial trainings. NS is important but the CO screwing with OP's education is in a way doing a disservice to the nation by undermining NSman's morale.",uncommitted,critical
h2b5zsy_0,comment,NationalServiceSG,committed_candidate,sign on,0.69099087,1.0,0.0,"unless u sign on, no one cares abt how high ur pay is gonna be.",neutral,neutral
je2y68n_1,comment,singapore,committed_candidate,serve the nation,0.9853242,1.0,0.0,"I'm a Singaporean, and I serve the nation and I can say national service should not be about money. I believe I'm not the self entitled one here, people like you are shouting for money to protect the nation, you should be ashamed of yourself.",committed,supportive
l9bft3c_0,comment,askSingapore,committed_candidate,serve the nation,0.9502337,1.0,0.0,"back when i was a nsf, i once encountered this doctor while rso-ing, Dr M\*\*\*\*\*\*e C\*\*g at Outram polyclinic. basically, i wanted a referral to specialist for suspected dust allergy, and she said that ""if every nsf excused dust like u, who is going to serve the nation?"",",neutral,neutral
ldwcjo0_0,comment,NationalServiceSG,committed_candidate,ns is important,0.0021641525,1.0,0.0,"for me personally during BMT GX24, when we were doing RM at the last 4km when we were marching around MBS that area, my PS gave us a strong motivational speech about looking around and realising why we all have to serve and why NS is important to defend and to protect what we have so that we, our family, friends, and everyone else can continue to enjoy what luxuries we currently enjoy (as civilians ofc) without fear or worry of being attacked or invaded

I'm not doing justice in my description of his speech but it really stuck with me and I could feel the motivation and determination from what he was saying, it rubbed off onto me well and I think the platoon mostly felt the same too

tldr: genuine motivational speech",committed,supportive
ntk4wh6_0,comment,NationalServiceSG,committed_candidate,sign on,0.9901599,1.0,0.0,your 2 years in NS alr quite crap alr but still want to sign on? Don't u see the problem here,uncommitted,critical
16q3zu7_1,submission,NationalServiceSG,committed_candidate,brotherhood,0.0051875287,1.0,0.0,"Currently have a whole lot of things on my mind. Just to start of some context, i indicated interest for OCS in bmt because i want to make the most of my NS life and thought that being an Officer would be the most fulfilling- learning to be a leader, creating strong brotherhood, etc.",committed,supportive
japgnai_1,comment,NationalServiceSG,committed_candidate,protect our country,0.21758835,1.0,0.0,"It is only a few million increase of the expenditure from Singapore economy. Additionally, I support National Service as it is needed to protect our country.",committed,supportive
k7hr008_3,comment,NationalServiceSG,committed_candidate,serve the nation,0.4709054,1.0,0.0,"Besides, there are PLENTY more avenues to serve the nation and the people. Go volunteer then!",uncommitted,neutral
lg1q9c9_1,comment,NationalServiceSG,committed_candidate,sign on,0.97124916,1.0,0.0,"He was pretty untidy and left clothes and shoes hanging around my area which left me uncomfortable too. My buddy was someone who wants to sign on, go command school and join the elites.",neutral,neutral
1pwqt2c_1,submission,NationalServiceSG,committed_candidate,sign on,0.86083925,1.0,0.0,"I came from an engineering diploma and I can't qualify for local uni, my networking is non-existent, and I can't sign on as I am Pes C9. Does my NS as an ASA help me get any admin jobs outside?",neutral,neutral
ur0n0b_5,submission,NationalServiceSG,committed_candidate,worth serving,0.96646756,1.0,0.0,Quadruple if you don't take up the tuition grant scheme that forces you to work full-time for 3 years in Singapore. Is this even a significant reward I am getting that is worth serving in the army?,uncommitted,critical
j88ecez_0,comment,singapore,committed_candidate,ns is important,0.8059399,1.0,0.0,"my time 350/month.. up to cpl only 480/mth.. service side during ns.. had to posted overseas to get some better pay 850 allowance so total 1330/mth..

i understand NS is important but they should increase the pay to have some financial safety after ord (some savings plan for 2 years)",committed,critical
fnrd4us_0,comment,singapore,committed_candidate,defend singapore,0.14270741,1.0,0.0,"Honestly, I have always wondered about the percentage of conscripts who will report to fight to defend Singapore.",neutral,neutral
19dr1cr_0,submission,NationalServiceSG,committed_candidate,love ns,0.019606028,1.0,0.0,"Here are the reasons why I love NS (listed below). here's my list of reasons:
1.",committed,supportive
kv5c0ey_0,comment,NationalServiceSG,committed_candidate,sign on,0.0015053962,2.0,0.0,"Haha sorry that was my other acc,, yep im posted to SCS so ill be a spec. I also heard that near ORD if u choose to sign on they post u to OCS or that if u sign on after uni they will send u straight to ocs…. how true is this?",neutral,neutral
hvsehh0_1,comment,NationalServiceSG,committed_candidate,brotherhood,0.10001496,1.0,0.0,"Or even like what many say, the brotherhood. &amp;#x200B;

People  do stuff for different reasons.",neutral,neutral
16fqpf0_0,submission,NationalServiceSG,committed_candidate,sign on,0.0013891143,1.0,0.0,"Signing on SPF as direct-entry inspector (non-scholar), how?. Hi I plan to sign on as an inspector as a fresh grad, will I be eligible for re-inbursement of uni fees?",committed,supportive
cteoj5f_0,comment,singapore,committed_candidate,duty to serve,0.21013571,1.0,0.0,"There are a lot of advantages to being an officer over a sergeant. Higher pay, less saikang, not stuck between a rock and a hard place.. Obviously officers have more responsibility (if someone under you fucks up somehow blame can get assigned to you), but for the most part you live a more peaceful existence during NS. As for signing on, many people seemingly do it because it's a iron ricebowl and not because of duty to serve the country or whatnot.",uncommitted,neutral
i9a6fob_1,comment,askSingapore,committed_candidate,sign on,0.0014965908,1.0,0.0,"If you sign on as C4X, do so at the end of BMT. You will complete OCS as a cyber officer and receive cyber training, then with 1 year left of your 2-year NS (aka, you have only been in the army for 1 year) you will attend the uni of your choice with a full-time degree. Part-time degrees are for the cyber specs, full-time degrees are for the cyber officers.",neutral,neutral
ipbvxqi_1,comment,NationalServiceSG,committed_candidate,sign on,0.027158694,1.0,0.0,"I mean thats my thinking ah, signing on isn’t the way my friend, I think most people will agree with me on this statement unless you got scholarship etc ah I mean sponsored free studies why not? But still I suggest you think through long term like what if army doesn’t want you anymore what’s your plan gonna be afterwards you have no relevant experience in the private sector how to find job? That’s why most people that sign army stay in the army for most of their lives ah. But tbh if you ask me to sign on I won’t sign Army but I would go sign SCDF as a Rota Commander, pay is good and career wise exciting and also it add values to your life and also to the community as you help others in need and makes your life very fulfilling.",uncommitted,neutral
g7no3iz_0,comment,askSingapore,committed_candidate,serve the nation,0.93678707,1.0,0.0,"If women can tolerate childbirth, they can tolerate caning. Also why are women exempt from national service? Women dont have the capability to serve the nation?",neutral,critical
kda2utn_2,comment,NationalServiceSG,committed_candidate,brotherhood,0.008175245,1.0,0.0,"Specific to you this is how I saw things instead of looking at 38 weeks:
- CLM - this is the part where you adjust from BMT's culture upwards and just looked forward to book out at the end
- Service Term: don't think just grind - not sure if there's still centipede and scorpion king but this is the part you don't need to think hahaha, just look forward to booking out whenever and just psycho yourself to keep walking or digging
- Pro term: choose something that you don't mind doing. If you want to stop the camo and the route marches don't pick infantry. I made the ""mistake"" of listening to my buddies and instructors and put infantry for the brotherhood haha but if there's another choice maybe I would have picked smith else.",uncommitted,neutral
i9od4n5_0,comment,singapore,committed_candidate,national service is necessary,0.16696809,1.0,0.0,"This is why National Service is necessary. Especially in this political landscape, all it takes is religious Indonesians to vote in an extremist, and we can very well see something similar to a Russian-Ukrainian conflict.",committed,supportive
j4b1zg5_0,comment,NationalServiceSG,committed_candidate,ns is necessary,0.9628906,1.0,0.0,"NS is necessary, but it definitely can be improved from the ""cannot be measured in dollars and cents"" nonsense",committed,supportive
fs6rpy3_0,comment,singapore,committed_candidate,serve the nation,0.94987744,1.0,0.0,"Unlike Aus, US and EU, we have compulsory national service. “ If you/your children don’t serve the nation, why should you enjoy the same benefits?”",neutral,neutral
gb674tb_9,comment,NationalServiceSG,committed_candidate,serve the nation,0.9351091,1.0,0.0,After reach back coy line need to do alot of clean up and wash up. As NSF we sacrifice our future to serve the nation.,neutral,neutral
kujuphg_0,comment,askSingapore,committed_candidate,honour to serve,0.009626268,1.0,0.0,I had the honour to serve Ma'ams in Air Force NS and one common thing I saw among them was that they were consistently pushing themselves to be one step ahead of the men. All the female LTAs and CPTs in my Squadron had IPPT Gold and qualify Marksman annually.,committed,supportive
hjnbd1s_0,comment,singapore,committed_candidate,serve the nation,0.967254,1.0,0.0,"Sounds like you guys are paying school fees to serve the nation while completing your assignments at the same time. If the govt wants to enlist the help of students, least they could do is to cover part of the tution fees.",neutral,critical
ieix1nm_0,comment,NationalServiceSG,committed_candidate,defend singapore,0.9764326,1.0,0.0,"I usually believe in 'every Singaporean son must serve', but forcing an American fella who left Singapore at the age of 4 to serve is really illogical. Spend so much on training him, and obviously he went off after 2 years, renounced, and is not gonna defend Singapore, or provide reservist support to Singapore. I know another Canadian fella who also came back just to serve, became an officer, renounced and left...

What's the point? If someone left Singapore at a young age, we should be willing to be flexible in the fact that since they have not received any benefits from Singapore, they do not owe their service to Singapore.",uncommitted,critical
himkynn_0,comment,singapore,committed_candidate,serve the nation,0.11840372,1.0,0.0,"Due to answer to 1 sports people can serve the nation in a fast greater way than being an NS man. Other talents can also do this, but to a far lesser extent and with less importance on those 2 years
3.",neutral,neutral
e904psy_0,comment,singapore,committed_candidate,serve the nation,0.98733705,1.0,0.0,Since you like the possibility of war and support MINDEF's method so much; why don't you volunteer your sperm for a clone war replica then we can all just safely sit back and get on with our lives while you and your sperm clones serve the nation forever while getting hurt here and there suffering from joint injuries to friendly fires for all of us? I mean you also mention you love suffering from you joint injuries resurfacing. :),uncommitted,neutral
zgnd52_6,submission,NationalServiceSG,committed_candidate,defend singapore,0.14777613,1.0,0.0,"I will defend Singapore with my life. Warrant Officers' Creed

l am a Warrant Officer of the Singapore Armed Forces.",committed,supportive
h1c242z_2,comment,NationalServiceSG,committed_candidate,protect singapore,0.014503652,1.0,0.0,"We all work together to protect singapore in the end. In POBC, if you are in the PTP batch, you'll be training the entire day. Up to 4 PT sessions in a day.",committed,supportive
cxzi2ah_0,comment,singapore,committed_candidate,serve the nation,0.9862932,1.0,0.0,"you doesn't need to be better or lvl headed, any rational folks knows that protecting the nation interest is a patriotic person. tell yourself instead, so many of you thinking that way of civil rights, don't want to serve the nation due to selfish reasons, this is the reason why people are being enforced into conscript.",committed,supportive
nmgvvfh_2,comment,NationalServiceSG,committed_candidate,national duty,0.5139075,1.0,0.0,"I can’t speak for Singapore, but I can speak for America — and why not having national service or any focus on civics has led to our current decline. Until the Baby Boomers, older generations of Americans were duty-driven, especially the WWII generation. They grew up during the Depression, fought in a world war, and when they returned home thd government invested in their education and built the largest middle class in history. They accepted high taxes and regulated markets as their national duty because they’d seen what unregulated capitalism and inequality could do  (caused the Depression that fueled fascism and WWII.)",neutral,neutral
v4kqcf_5,submission,NationalServiceSG,committed_candidate,meaningful experience,0.16367213,1.0,0.0,"So basically, I am interested in taking up the offer (specifically the 3-year one) because I want to make good use of my time in NS to develop my skills and further my knowledge, and overall just make it a more meaningful experience, and I feel that this might be a really unique and beneficial opportunity to do so. But, because I am already sure that I do not want to pursue a cybersecurity degree after NS, I am worried that it would be a waste of my time to do so.",committed,supportive
n3f3gfc_0,comment,NationalServiceSG,committed_candidate,brotherhood,0.97811866,1.0,0.0,"One thing I learnt in NS is not to bother what Ur unit peers says ... I was convinced by ABTM movies that ""brotherhood"" and ""brothers for life"" happens in NS but sadly it didn't happened for me... Maybe cause I'm in a non combat unit and gossiping happens a lot which made me much more reserved over time since BMT as I gotten backstabbed. Do not give a damn what others say because if they actually cared about you, they wouldn't judge you but be concerned.",neutral,neutral
n43q59b_3,comment,NationalServiceSG,committed_candidate,brotherhood,0.023780525,1.0,0.0,He cannot read your mind and know that you find the joke offensive. He is probably discovering the camaraderie that comes with a brotherhood that is born out of covenant to stick together  and watch out for each other.,neutral,neutral
gnhydwk_0,comment,singapore,committed_candidate,love ns,0.007881639,1.0,0.0,"First words that came out of his mouth were: ""I don't know what I am doing here in camp on CNY, but here I am...""

And proceeded to give us angbao with chocolate coin. We then saluted him before he drove off back home. I love NS",committed,supportive
iyj0wgo_0,comment,askSingapore,committed_candidate,serve the nation,0.89146525,1.0,0.0,"Multiply that by 2 years gives us 98k

And that is based on a very conservative calculation that after your studies you enlist in NS straightaway without wasting anymore months. You are asking basically will you like to throw away 2 years of career progression and 98k to serve the nation.",uncommitted,critical
eeqxa09_0,comment,singapore,committed_candidate,honor to serve,0.8974075,2.0,0.0,"It's an honor to serve the nation followed by 10 years of ICT and IPPT, says certain members of parliament. National service cannot be measured in dollars and cents but ministerial salaries can be.",neutral,critical
l6wm8do_0,comment,NationalServiceSG,committed_candidate,made me stronger,0.056216475,1.0,0.0,"But ngl because of that particular person targeting me, he made me stronger. Thank you 3sg Bobby",neutral,neutral
iss1dr8_3,comment,NationalServiceSG,committed_candidate,sign on,0.017455878,1.0,0.0,"I noticed your GPA mentioned was 3.8, I'm not sure about what the hiring standards for your industry are, but evaluate whether you will be able to get a job based in your qualifications in the private sector and how much it'll cost you. If you can get a job matching the pay offer by SAF, DON'T SIGN ON.",uncommitted,critical
kt0cub9_0,comment,singapore,committed_candidate,national service is important,0.046844453,1.0,0.0,Maybe you are right but national service is important for the stability of our country. Having a strong defence allow us to progress peacefully and prevent catastrophic consequences like Ukraine in recent years. We know that we cannot depend on others in country defence so all Singaporeans should play a part in our military defence.,committed,supportive
i8jnk4s_1,comment,NationalServiceSG,committed_candidate,ns is important,0.0034620683,1.0,0.0,"Everyone in NS is important and has their own roles. Was initially happy to be PES C9, then when watching all my friends get Officer/Commando all these, I wanted it too. Ended up being a clerk, made the best use of my time and learnt many skills I wouldn't have otherwise (planning/leadership/computer etc.etc.)",committed,supportive
eginnoy_0,comment,singapore,committed_candidate,defend singapore,0.09164533,1.0,0.0,"After all, what did the pioneer generation endure hardship for but to ensure that we wouldn't have to make the sacrifices they had to make, to ensure that we could pursue our dreams, free from having to constantly worry about basic neccessities. The best way to defend Singapore is to make it a country worth defending. Instead of just thinking about what Singapore needs, perhaps it's time to think about what Singaporeans want.",neutral,critical
ifyw488_0,comment,NationalServiceSG,committed_candidate,brotherhood,0.9685962,2.0,0.0,"It's really up to your own decision, don't be peer pressured into thinking you would lose out in brotherhood when your mental health would be the one losing out. Like you've said also, your ippt standard is also subpar and also not looking forward to the brunei trip. Just my 2 cents, ooc and join the ASA brotherhood instead ;)",uncommitted,neutral
fkamz3p_0,comment,singapore,committed_candidate,serve the nation,0.13151945,1.0,0.0,"Can cancel ATEC and my Bn just pack masks for ICT? We don't mind leh. Serve the nation and all, less the camo cream",uncommitted,neutral
xakbkg_0,submission,NationalServiceSG,committed_candidate,protect singapore,0.9412096,1.0,0.0,"How do you react to this comment?. Oh you're already going to NS, you cannot be so childish, you need to protect Singapore. Or

You're going to NS soon, so please do this... please do that....",neutral,neutral
iw1yj20_0,comment,askSingapore,committed_candidate,defend singapore,0.8543681,1.0,0.0,"&gt;Ultimately real Singaporeans are determined by what you will do if Singapore is under attack. Nah, real Singaporeans are determined by whether they did NS /s. Forget about whether these guys will really defend Singapore if we ever got invaded",uncommitted,critical
15ehoru_2,submission,NationalServiceSG,committed_candidate,meaningful experience,0.9847727,1.0,0.0,the atmosphere is just so dead and i can’t help but blame myself for the lack of closeness in the gr. i really want to create a sense of camaraderie among us so we have a meaningful experience before ord. any advice or suggestions greatly appreciated.,committed,neutral
kvohnju_1,comment,NationalServiceSG,committed_candidate,worth the sacrifice,0.904492,1.0,0.0,It’s not going to be worth the sacrifice. Yeah there’s time to study but you will need to really be -efficient- about the way you go about the studying.,uncommitted,critical
i8omrnb_0,comment,singapore,committed_candidate,important for singapore,0.030993002,1.0,0.0,"Look again. They asked questions like...

&gt; National Service will continue to be important for
Singapore in the future

&gt; National Service is essential/necessary for Singapore’s
survival

&gt; National Service is a rite of passage for the Singaporean
man

and based on the results concluded that...

&gt; There is strong support for National Service as an institution. Singaporeans see National Service as fulfilling a social mission beyond its
defence mandate.",committed,supportive
d4jbe1h_0,comment,singapore,committed_candidate,ns is necessary,0.0030109447,1.0,0.0,"In my opinion, NS is necessary. I also enjoy the time during my 2 years as a NSF.",committed,supportive
db0nvqu_1,comment,singapore,committed_candidate,sign on,0.022973323,1.0,0.0,His pay is like 6-7K I believe. So it does matter what vocation you choose. And don't sign on unless you get into OCS.,uncommitted,neutral
cf7cn4p_0,comment,singapore,committed_candidate,defend singapore,0.035823748,1.0,0.0,"First and foremost, our NS is not an artificially contrived programme to foster understanding and perform free/community work. It's first formed to serve a real need to defend Singapore when the British pulled out their troops after Independence. Unlike most countries who have professional soldiers, SG has to implement a conscript system much like Taiwan (although to be phased out soon) and Israel.",committed,supportive
jbnd1pi_0,comment,askSingapore,committed_candidate,brotherhood,0.031181615,1.0,0.0,"I thought the biggest gang in Singapore is The Brotherhood of Tekong 

Wearing camo - carrying ammo

/s",neutral,neutral
eiypdru_0,comment,singapore,committed_candidate,serve the nation,0.6105488,1.0,0.0,"If possible, arrange to be seen by an outside doctor and get him to write a recommendation to MO for down PES or change of vocation. Old injuries are no joke man. You serve the nation better by not worsening your old injuries.",neutral,neutral
hmhzxg1_0,comment,NationalServiceSG,committed_candidate,serve the nation,0.0024987708,1.0,0.0,Thank you for your sacrifices you’ve made to serve the nation. Everyone makes their own sacrifices one way or another 😁,neutral,supportive
16lm30k_0,submission,NationalServiceSG,committed_candidate,sign on,0.005039556,1.0,0.0,"Why do some regulars sign on for 5 years, then immediately leave?. I've noticed quite a number of regulars (both WOSPEC and officer) who do this.",uncommitted,neutral
1bpwh5a_10,submission,NationalServiceSG,committed_candidate,brotherhood,0.98782736,1.0,0.0,"Now imagine 20% (1 in 5, that's like 6-7 people per platoon reporting sick) for a major evaluation, imagine how bad that would look on a report. Idk where I was going with this rant but I'll just end by saying that throughout my ns life they keep hammering in the ""Infantry song"" into our head and there's one line that goes ""we're the brotherhood of the Infantry"" corny I know, but as infantrymen the only thing u have is each other so when the ""other"" person is some asshole who doesn't care about your wellbeing would you put your 100 or even 50% effort to help him?",neutral,neutral
e2knpbq_0,comment,singapore,committed_candidate,national service is necessary,0.23384622,1.0,0.0,"Now, if you want an example of privilege, the Patrick Tan case (i.e. Tony Tan's son) is pretty much the best example of one. &gt;The audience of r/singapore skews young, so it's understandable that there are people here rejecting the necessity of national service. I disagree, and because I think national service is necessary, I think it has to be handled as fairly and decently as we can. Well, drilling down to the bedrock, National Service (conscription) is only required to support the current military doctrine due to the staffing levels required for our wartime strategy.",committed,supportive
jyglmsp_0,comment,singapore,committed_candidate,defend singapore,0.9769593,1.0,0.0,This is such cool positive thinking......until you are the one doing the job. Almost as cool as the big bunch of ladies supporting boys doing NS to defend Singapore but changed face suddenly when they themselves being asked to serve.,neutral,neutral
n4vajpj_0,comment,NationalServiceSG,committed_candidate,enjoyed ns,0.08572765,1.0,0.0,There are good days and there are bad days. I won’t say I truly enjoyed NS (and ICT) but it’s alright.,neutral,neutral
ld0aayi_0,comment,NationalServiceSG,committed_candidate,sign on,0.54216164,1.0,0.0,"U still can’t sign on as a PR. I don’t know which country u are from - but whichever it is, how do we know u are not a spy?",neutral,neutral
e3x4fph_0,comment,singapore,committed_candidate,serve the nation,0.46897864,1.0,0.0,"You will have better chance in getting PES E IF**** you have high blood pressure etc. ELSE just do your part and serve the nation. Guys that enlist before you are able to do it, so can you.",committed,supportive
mp2l9kr_0,comment,NationalServiceSG,committed_candidate,brotherhood,0.039689038,1.0,0.0,"Because I enlisted on 2023 15th May, the notorious mono infantry 5 SIR ![ gif](emote|free_emotes_pack|poop)

A fair amount of May intake are all mono (mono 42SAR, 1 guards)

But I OWADIO in a few weeks time so all I can say is good luck, mono intake isn't that back after all, the brotherhood and bonds you make are stronger than secondary school and poly IMO",committed,supportive
fvr13b1_0,comment,singapore,committed_candidate,serve the nation,0.060112868,1.0,0.0,Voting rights came along with conscription. It was expected to be one’s responsibility to serve the nation to earn the right to vote.,committed,supportive
c3mohjb_0,comment,singapore,committed_candidate,brotherhood,0.23799771,1.0,0.0,"I did always entertain the notion that National Service is less about national defense than it is about a trumped-up version of the Boy Scouts with a slice of the National Cadet Corps. National Service teaches camaraderie, brotherhood and what-have-you in addition to bonding that transcends racial boundaries forged in periods of extreme stress.",committed,supportive
lvniiz2_4,comment,NationalServiceSG,committed_candidate,sign on,0.6342469,2.0,0.0,"The vocation did meet my expectations to sign on and i have no other requirements and it was covid that’s why i signed on. I have no regrets or whatsoever but you need to know that if you dont like the job, u will need to suck thumb and all these.",committed,supportive
l4bhufi_0,comment,NationalServiceSG,committed_candidate,enjoy ns,0.005863652,1.0,0.0,Despite I dun 100% enjoy NS but I won't deny that it does shape my character and make abit more mature. 2 years is a long time for most of us.,neutral,supportive
eczv38c_0,comment,singapore,committed_candidate,enjoy ns,0.4132181,1.0,0.0,"Hopefully enjoy NS when I enlist
5. Get an internship/work on projects before I start NS",neutral,neutral
im04fok_2,comment,NationalServiceSG,committed_candidate,builds character,0.60166603,1.0,0.0,if you try too hard you get some permanant injuries which causes you to downpes or you get treated like shit which supposedly builds character ( what a win in my books /s ). I think some reward you can get out of it is possibly forging bonds with your future buddies or like learn some practical office skills if you get sent to be a support assistant (its based on my exp if it differs from yours not my taiji),neutral,neutral
exuokns_0,comment,singapore,committed_candidate,protect our country,0.016532963,1.0,0.0,"Personal Enrichment is not the main goal of National Service. The main goal of National Service is to ensure, in the event of a war, we would have a sizeable and ready defence to protect our country and our loved ones.",committed,supportive
g6lksdn_0,comment,NationalServiceSG,committed_candidate,sign on,0.0015666567,1.0,0.0,hi sorry may i ask like how to sign on military expert as a pes e recruit?,committed,supportive
fwrzt7l_0,comment,singapore,committed_candidate,defend singapore,0.9284793,1.0,0.0,"Everytime someone suggets this, I want to ask, how do you intend to defend Singapore and her interests? Both internally and externally, as the SCDF and SPF also rely heavily on NSFs to filfil their missions.",neutral,neutral
j9rxdnb_0,comment,NationalServiceSG,committed_candidate,brotherhood,0.06281629,1.0,0.0,Ask her to stay over at your place then follow you take public transport. Say it's for the brotherhood,neutral,neutral
l6u3sx8_2,comment,NationalServiceSG,committed_candidate,brotherhood,0.0025755616,1.0,0.0,"Make friends from there. Friends that I have made from during my trainings, we are still in contact and have annual gatherings. The bond and friendship can be a lifetime brotherhood.",neutral,supportive
dqcwf6w_0,comment,singapore,committed_candidate,defend singapore,0.42277372,1.0,0.0,"I owe him a lot, had he not talked to me and listened me out on WhatsApp or in person multiple times, I might not have been alive talking to you right now. I owe a lot to the people around me, and I wish to defend Singapore and contribute back to Singapore to the best of my abilities, despite my setbacks as a young adult with a mother who has a bipolar disorder",committed,supportive
n959dkh_0,comment,singapore,committed_candidate,serve the nation,0.98716587,1.0,0.0,"I’m actually ok with the two years, serve the nation well and start afresh. It’s the reservist obligations that are onerous and really takes a toll on your career, family and future",committed,supportive
ij09mlq_5,comment,NationalServiceSG,committed_candidate,defend singapore,0.86310923,1.0,0.0,"Also, doesn't it sound a bit illogical and unfair that an NS Men that has sacrificed his time and effort to defend Singapore is unable to enjoy Singapore's public services (even after paying for it)? It is up to the an individual's moral compass to decide if he/she wants to be gracious in public.",neutral,critical
jvvlhx6_0,comment,NationalServiceSG,committed_candidate,serve the nation,0.74051553,1.0,0.0,Specifically your FIs (field instructors) they’ll be in charge of your discipline and your drills (your marching). Almost all are NS as it’ll be a waste if a regular who signed up to serve the nation full time were to be given the task of training new police officers. The regular force is  already short staffed on regulars and putting one in Training Command (TraCom) is just not logical.,neutral,neutral
ms8tc2w_1,comment,NationalServiceSG,committed_candidate,national duty,0.026160723,1.0,0.0,I was meaning to say that NS as a national duty is different than giving birth and cannot be compared. But I agree they both contribute to the country,committed,supportive
lx3avjw_0,comment,askSingapore,committed_candidate,defend singapore,0.021974223,1.0,0.0,"Great way to boost morale , during enlistment and pre-enlistment they ask questions regarding if u will defend Singapore . I wonder how many men/boys said they would .",neutral,neutral
ge4io54_0,comment,NationalServiceSG,committed_candidate,serve the nation,0.09030495,1.0,0.0,RSAF if you wish to serve the nation with aircraft and pick up a skill in maintenance of aircrafts/fly on the sky fighter jets. U have to work incredibly long hours and be called back during weekends for standby.,neutral,neutral
kw6vjxr_12,comment,NationalServiceSG,committed_candidate,sign on,0.013016451,1.0,0.0,4) your health and fitness need to be tip top for at least 5 years beyond your actual combat tour. I’m assuming you start this plan the moment you sign on and still serving your 2 years.,neutral,neutral
1mwhuz2_2,submission,askSingapore,committed_candidate,defend singapore,0.040744957,1.0,0.0,"Others might feel a strong sense of duty or patriotism like if nobody signs up, who’s going to defend Singapore? Plus, there are always those who see NS as a chance to push themselves physically, bond with peers, or even use it as a career stepping stone into SAF or related fields.",neutral,neutral
et8tgxw_0,comment,singapore,committed_candidate,sign on,0.0026006603,1.0,0.0,"Can get into SCS, lesser chance if you're not leadership batch. You can always sign on to confirm your spot",neutral,neutral
jaqu4mu_0,comment,NationalServiceSG,committed_candidate,defend singapore,0.053095568,1.0,0.0,"I'm not look down on other units, I respect all other units that contributed to singapore. Its just my personal idea, I'd rather rush to the front line to defend Singapore. Even Im singapore PR",committed,supportive
noknbdp_0,comment,NationalServiceSG,committed_candidate,brotherhood,0.029064668,1.0,0.0,"Honestly, I agree on the part where learning is involved and we all grown alot in our own ways (regardless of how it's being forced into us)

But if you ask me how do I feel about ORD, I think it's more of a sweet than bitter bah. I wouldn't want to go through the cycle again even if I miss the brotherhood and the memories that I have forged with my boys. Those daunting days of outfield definitely a no go haha😭

Happy OWADIO",neutral,supportive
1nkfy9h_6,submission,NationalServiceSG,committed_candidate,built character,0.666372,1.0,0.0,"It built character, but at times seemed like a lonely endeavour cause you are always going against the grain. Almost everyone I know siams (avoids) armskote.",committed,neutral
ey8i8r5_0,comment,singapore,committed_candidate,proud to serve,0.0053644446,1.0,0.0,"Proud to serve my country and people, even if I don't know them. Before that I've always wanted to move on from Singapore, so after NS I went for a short stint in Japan. Seeing how some of the Japanese around the same age as me then, feeling patriotic towards their own country, made me think twice, so I decided to stick it out in Singapore. I worked with a few international brands, and that helped me open up my views to countries beyond Japan, and I guess that helped to strengthen my view before I started reservist.",committed,supportive
j61z1kj_1,comment,singapore,committed_candidate,serve the nation,0.9289312,1.0,0.0,"It's our home, somewhere I feel a huge sense of comfort whenever I return overseas. In wartime, we should defend our country to the best of our abilities (maybe I'm brainwashed), but in peacetime, we should pay those who we conscript to serve the nation an amount that doesn't place additional burden on their finances. And I'm all for paying the politicians a little less, especially the damned Mayors.",committed,supportive
ikzsimb_0,comment,NationalServiceSG,committed_candidate,serve the nation,0.34468943,1.0,0.0,"For those in the SAFVC, then yes they are going above and beyond to serve the nation.",neutral,supportive
ljtcvx5_1,comment,NationalServiceSG,committed_candidate,enjoyed ns,0.99164736,1.0,0.0,"I even started seeking help and it’s destroying my relationships as well . But this is just my experience in NS, I’m sure there are people out there who enjoyed NS",neutral,neutral
e936jie_0,comment,singapore,committed_candidate,duty to serve,0.5477843,1.0,0.0,‘But it was his duty to serve national service.’ I seriously doubt his father said that.,uncommitted,neutral
l4ux4sd_1,comment,NationalServiceSG,committed_candidate,ns is important,0.87083596,1.0,0.0,"Especially with transport, given that many NSFs have to travel long distances to get to camp but still pay very close to full adult fare. We all know NS is important, but I think the government can put their money where their mouth is and provide better support for the people doing this important work.",neutral,critical
ibdb48f_1,comment,NationalServiceSG,committed_candidate,serve the nation,0.9897686,1.0,0.0,"A better option would be to give NSFs benefits such as a actual living wage, maybe free uni, and also reward women who serve the nation by giving birth (which tbh has sort of been implemented through reduced taxes for working mothers). You know this society is fucked when we don’t get a say (no voting rights) over our own destiny. If I was a woman of course I in favour of NS, no need sacrifice anything and get free security (moral hazard in a sense).",neutral,critical
kvbgrc4_1,comment,NationalServiceSG,committed_candidate,defend singapore,0.0027129774,2.0,0.0,"You need a passion to defend Singapore, otherwise if u’re looking for a regular office job - indeed it will be like the ad, it’s nothing but regular. The rewarding side is you get to see the ‘real’ stuff and understand SAF and defence is not just a theory or story… there are real stuff going on daily as we speak. If u are passionate to chip in and serve, go sign on. :)",neutral,supportive
ngssrdg_0,comment,askSingapore,committed_candidate,ns is necessary,0.9872556,1.0,0.0,"The SG identity is already diluted. Going forward, how many will feel serving NS is necessary? NSFs and reservists are defending 40%+ foreigners. And that number will keep increasing under the current administration.",uncommitted,critical
idpq639_0,comment,NationalServiceSG,committed_candidate,serve the nation,0.011954181,1.0,0.0,"I'll give a different take compared to the other 2 responses here at the moment. If you're just passionate about Cyber/IT, don't do it. If you're passionate about Cyber/IT and you wanna serve the nation, go for it.",neutral,neutral
serlka_2,submission,NationalServiceSG,committed_candidate,ns is necessary,0.09214311,1.0,0.0,"Of course that being said I also understand completely why NS is necessary which is why I’m just asking out of curiosity. Neither am I blaming NS as the sole reason for y someone fails/succeeds in life. I also get that not every NSF falls into this category but for those who do, especially those in Chiong sua vocations, do u guys think that u have enough time pursue ur interests?",committed,supportive
i3kknfg_0,comment,singapore,committed_candidate,defend singapore,0.4472088,1.0,0.0,"Where do we draw the line on what foreigners should get? Singaporean sacrifice more for this country than foreigners. I.e Ns and the obligation to defend this country, when war happens will you stay and defend Singapore? Thus obviously we should get considerably more benefits than foreigners.",neutral,critical
eeitz7d_0,comment,singapore,committed_candidate,serve the nation,0.032608226,1.0,0.0,"Had this thought for awhile, why don't SPF and SCDF enlistees get a portrait with the national flag like BMT recruits? They serve the nation too, for me it's a memory and keepsake.",neutral,critical
m8iwj7v_0,comment,NationalServiceSG,committed_candidate,serve the nation,0.62154526,1.0,0.0,"Doesn't matter, everyone are just doing their liability and serve the nation. Some have access to sensitive info due to their vocation and job scope.",committed,supportive
f241vvn_0,comment,NationalServiceSG,committed_candidate,brotherhood,0.42950547,1.0,0.0,"Hard to say because nobody knows. Infantry is about brotherhood, don't be hated can already and don't be lazy or selfish",committed,supportive
hfc4it1_2,comment,NationalServiceSG,committed_candidate,sign on,0.10876795,1.0,0.0,At least I will try my best to) And I know it will be fulfilling as well as I have respect for firefighters and what they do. I just wish I could have spent this 2 years of NS in the Army since I will probably sign on after ORD. Instead of serving in SCDF and started again in BMT.,committed,supportive
