chunk_id,stratum,doc_type,subreddit,has_sg,wc,char_len,text,commit_support,commit_critical,commit_neutral,human_label
ieo1mgy_0,singlish,comment,NationalServiceSG,True,43,207,"lol he wayang also no use, salary still the same. do the bare minimum in ns doesn't really translate to the working world, cos in the working world we don't get paid in peanuts. shag that he drag you into it",0.1066185235977172,0.2498397827148437,0.6435416340827942,critical
m0nrbjq_0,short_chunks,comment,NationalServiceSG,False,3,15,School Tua Hawk,0.2324293404817581,0.1440370678901672,0.6235336065292358,neutral
izsftq1_0,borderline,comment,NationalServiceSG,False,37,162,"It's far from ""not that much"". If not for NS, I'd expect to make at least $3k/month with my IT diploma. That's almost 5 times more than what I get for serving NS.",0.2085769325494766,0.0695242136716842,0.7218989133834839,critical
iigo1gn_0,short_chunks,comment,NationalServiceSG,False,1,4,Walk,0.3076639771461487,0.1017544865608215,0.5905815958976746,neutral
h2b7u0q_0,short_chunks,comment,NationalServiceSG,False,3,8,hi pm u!,0.3904761672019958,0.2462702244520187,0.3632536232471466,neutral
ndt482t_0,high_critical,comment,singapore,False,15,91,This seems like a concerted effort to erode trust in govt institutions or SAF specifically…,0.1122891455888748,0.7626876831054688,0.1250231564044952,committed
k8ktfh5_0,high_critical,comment,askSingapore,False,35,174,"If I were born in a country without conscription, my family and my life would be protected by a professional army. What is the point of living if the SAF sucks it out of you?",0.0141836982220411,0.8147444725036621,0.1710718274116516,critical
gaal7v0_1,singlish,comment,NationalServiceSG,True,62,310,"If you are a person who prefers to listen to other people and work, I will say being a man suits you. But if you are a person with great leadership and likes to think and be adventurous, 3SG will be for you. Also for a 3SG, with great power comes with great responsibilities which means a lot of saikang to do.",0.3174286782741546,0.0677165985107421,0.6148546934127808,neutral
mguvo44_3,high_support,comment,NationalServiceSG,False,13,79,"They killed police and villagers. With such neighbours, I would want NS around.",0.8296283483505249,0.0594559498131275,0.1109157353639602,committed
k5jal4z_0,high_support,comment,singapore,False,28,149,Time for SAF to buy a whole fleet. Imagine a route march with these things carrying your field pack. Bonus points if they can help you shoot enemies.,0.721156895160675,0.0292220655828714,0.2496209591627121,neutral
i9krc2_1,high_support,submission,NationalServiceSG,False,7,22,P.s. I am also an NSF.,0.954674482345581,0.0023434043396264,0.042982131242752,neutral
ktf7xiw_0,high_critical,comment,NationalServiceSG,False,2,13,Pese9 stress?,0.0755081251263618,0.5155007243156433,0.408991128206253,neutral
ixgpaja_1,borderline,comment,NationalServiceSG,False,15,81,"It should work for grab as well. Technically, any sgqr code for business will do.",0.2565498650074005,0.1103407144546508,0.633109450340271,neutral
gc5b9xx_0,high_critical,comment,NationalServiceSG,False,15,70,"If you are supposed to stay home, then for the love of god, stay home.",0.0428159236907959,0.6596922278404236,0.2974917888641357,neutral
glu86au_0,singlish,comment,NationalServiceSG,True,59,280,Your best bet is to express interest during the recruitment talks and do well in bmt to get to OCS. From there it will be quite easy to sign on. If you wan you can try to apply for the degree scholarship now but you need to have like amazing results and cca like 4.0 GPA and such.,0.3969804346561432,0.0442797541618347,0.5587397813796997,neutral
kqzqdh_0,high_support,submission,NationalServiceSG,False,117,576,"Dental subsidy for upcoming root canal surgery. I have a root canal treatment thats been gg on since last yr oct and the actual treatment is going to be in march this yr . I am enlisting to SPF on 13th which would make me an NSF so do i get FULL subsidisation for the upcoming root canal treatment of 1.7k ? Or am i only subsidised fully when i so called have the “ pain “ in my tooth DURING my POBC /BMT ? Currently there is no pain in my tooth but i do not wish to pay 1.7k for just a single
Tooth, rather just get braces or get it pulled out unless it is fully subsidised .",0.926317572593689,0.0095357252284884,0.0641467347741127,neutral
laftiet_0,borderline,comment,NationalServiceSG,False,0,1,.,0.3377833664417267,0.2142892181873321,0.4479274451732635,neutral
iq8722h_0,borderline,comment,NationalServiceSG,False,11,62,Looks like she’s a frustrated lady. Obviously not getting any.,0.128859743475914,0.3564887344837188,0.5146515965461731,neutral
k7gspja_0,high_support,comment,NationalServiceSG,False,3,12,help lah dei,0.6252976655960083,0.1059620678424835,0.2687402665615082,neutral
dpydc2l_2,high_critical,comment,singapore,True,31,158,"Top to
bottom, all of them like your NSmen: lazy, chao keng, siam and arrow people. People tell me they should
replace Desmond with HK/JP/don’t know what CEO.",0.0492990873754024,0.7817831039428711,0.1689177602529525,critical
g727fnb_0,short_chunks,comment,NationalServiceSG,False,3,11,1. 4 years.,0.1859131753444671,0.1696068048477172,0.6444799900054932,neutral
kuyd0la_0,singlish,comment,NationalServiceSG,True,30,153,"Erm only cons will be bad cookhouse food, SBA and weird rules. Otherwise just sleep, slack, skive for the most part, one of the best places to go to imo.",0.1360321938991546,0.1328810155391693,0.7310868501663208,critical
eeu21vl_0,high_critical,comment,singapore,False,36,164,"Wtf don't listen to him, he's making it sound as if NS is this life or death ordeal

The chance of getting a permanent injury or dying while in NS is still very low",0.0496170669794082,0.8137865662574768,0.1365963518619537,neutral
iznonmc_0,short_chunks,comment,NationalServiceSG,False,1,4,Siam,0.3913513123989105,0.1944911926984787,0.4141574800014496,neutral
dk3b9jc_0,borderline,comment,singapore,False,34,173,"&gt; I think the govt is much stricter on reservist dodgers. I see. I know the govt is super strict on our NS liability, but wasn't quite sure where they stand on reservist.",0.2982067763805389,0.1185026690363884,0.5832905769348145,neutral
id9lo08_0,high_support,comment,NationalServiceSG,False,7,34,Would really hope to see it happen,0.7510642409324646,0.0895705297589302,0.1593651622533798,neutral
dx0cka7_0,short_chunks,comment,singapore,False,2,11,Tekong BMTC,0.4233919382095337,0.1838856339454651,0.3927223980426788,neutral
h4nmnii_0,singlish,comment,NationalServiceSG,True,41,226,"Hi OP, i suggest trying your best to go into command school, get posted to unit as a commander, then consider signing on. There are countless people who signed on and regretted their decision. I hope you will think it through.",0.2840188443660736,0.0594754740595817,0.6565055847167969,neutral
ujnt3t_34,high_support,submission,NationalServiceSG,False,79,371,"Jiayou to all the NS gfs and bfs out there!! ( just wanted to add that my bf is going for his field camp soon and I'm filled with worry and excitement, I'm so proud of him and I know he will do amazing, I can't wait to surprise him at his post-fieldcamp bookout and treat him to good food and hear all the stories he'll have to tell me about his field camp experience!! )",0.7490240931510925,0.0135524068027734,0.2374234795570373,neutral
l9vh5in_0,borderline,comment,NationalServiceSG,False,1,3,tks,0.3777323961257934,0.1891952902078628,0.4330722987651825,neutral
ihu5pzc_0,high_support,comment,NationalServiceSG,False,26,126,"I think it’s way more common then you think. Before NS, we are too used to our own demographic or the education route we take.",0.6515033841133118,0.0389019846916198,0.3095946907997131,neutral
1etm184_0,short_chunks,submission,NationalServiceSG,False,11,55,The Three Forces Problem Part I (3 Body Problem but NS),0.118845023214817,0.4031286537647247,0.4780263900756836,neutral
g8jtunb_0,singlish,comment,NationalServiceSG,True,42,187,"Yup better to sign on first so that you can go in SPF. If suay suay kena army, also can sign on during BMT but must be fast. If not after BMT cannot sign on liao and you will stay in army",0.302918791770935,0.0703514739871025,0.6267297863960266,neutral
eppvf80_0,high_critical,comment,NationalServiceSG,False,6,30,boy is getting ripped off then,0.0336488410830497,0.6031760573387146,0.3631750643253326,neutral
idf2txg_4,singlish,comment,NationalServiceSG,True,33,180,"Your ORD date will not change no matter what, unless you disrupt for studies, god forbid sign on or spend a staycation at the detention barracks. Take care, stay safe, don't worry.",0.0512753725051879,0.0801961943507194,0.868528425693512,neutral
70ecyr_0,high_support,submission,singapore,False,7,38,What is the most exciting NS vocation?,0.6440379023551941,0.0316448062658309,0.3243173360824585,neutral
dc6qkgs_0,borderline,comment,singapore,False,15,97,Frustrated. Companies should have float teams when people go on long leave/ reservist/ yada yada.,0.137992650270462,0.1873286366462707,0.6746786832809448,neutral
ngjc2gb_1,borderline,comment,NationalServiceSG,False,48,253,I was hoping that RSAF could help me improve my skills in both engineering and aviation business and possibly provide me with a long term career in the RSAF. Yes i am aware that some people sign to siam but recently the air force has piqued my interest.,0.3428209125995636,0.046034712344408,0.6111443638801575,committed
lhpy71v_0,high_critical,comment,singapore,False,31,173,You're actually kinda right. This guy is lucky enough to avoid enlistment in Myanmar and he throws it all away by becoming a drug trafficker without becoming a citizen first,0.0707387179136276,0.5077252388000488,0.4215360581874847,neutral
1mgco1u_0,high_support,submission,NationalServiceSG,False,5,27,Instant Shine for Altama/WP,0.606104850769043,0.0490525849163532,0.3448425829410553,neutral
nv7hia4_9,short_chunks,comment,NationalServiceSG,False,8,51,its national service. you train to become soldiers.,0.3998191356658935,0.0327551141381263,0.5674257874488831,neutral
j9tuoxd_0,high_critical,comment,singapore,False,20,107,Seems like Societal cost of male enlistment is too high right now. No one wanna bear it so end conscription,0.0153198847547173,0.7385138869285583,0.246166244149208,critical
iddp5ot_0,high_support,comment,NationalServiceSG,False,28,133,It’s worth doing so if you’ve served your ns and intend to be in sg indefinitely for sure ! Also went through the same path as well 🫡,0.7636749148368835,0.0264492351561784,0.2098758816719055,neutral
yx8vhi_0,singlish,submission,NationalServiceSG,True,24,135,Cheapest Private clinic / GP?. Have a really bad experience with polyclinics such as rude staff to me thinking I’m trying to Chao keng.,0.0695867016911506,0.1815548539161682,0.7488585114479065,neutral
14sydlj_0,high_critical,submission,NationalServiceSG,False,9,52,Unnecessary hate towards the gfs here and for what??,0.0377142168581485,0.6526162028312683,0.309669554233551,neutral
iv9yqkh_0,high_support,comment,NationalServiceSG,False,3,18,all hail anbalagan,0.7744718790054321,0.0262202192097902,0.1993079483509063,neutral
ir9op13_0,singlish,comment,singapore,True,171,970,"I think the biggest things discouraging people going to the doctor early are :

* Time and cost for something that may resolve by itself or turn out to be no big deal

* Stigma against going to a place full of sick patients (this is particularly true for the senior generations, my parents awlays warn me not to see a doctor for this reason)

* Stigma against taking time off from work/NS, especally in NS where you may be seen as ""chao keng"" and get marked by your commanders

I think tele consult for some VERY simple things like medication refills may help the time issue but it does not seem like our healthcare system allows for any kind of teleconsultation at all. Also i think they can improve the availability of cheap generic drugs (e.g. paracetamol) in pharmacies, it is kind of ridiculous that pharmacies here only sell expensive brand name meds (tried asking for generic versions before at NTUC unity, guardian, etc, they all just keep telling me dont have).",0.3661567270755768,0.2885245680809021,0.3453186750411987,neutral
j2htf5w_0,high_critical,comment,NationalServiceSG,False,7,27,Damn ib rly messed u up huh,0.0699218213558197,0.6411080956459045,0.2889700829982757,neutral
epvuef2_1,borderline,comment,NationalServiceSG,False,28,158,"No, despite what people like to say the Medical board doesn't take medical/mental issues lightly. They follow the protocol strictly so it might seem that way.",0.1880877465009689,0.1325949728488922,0.6793172955513,neutral
gqb2dm1_0,high_support,comment,singapore,False,40,217,"Have an MRI scan scheduled around late April, which coincides with 2nd week of Reservist. Any way to play my cards so SAF can foot the cost of the scan instead? Surely someone's tried something like this before right.",0.642720103263855,0.0334285572171211,0.3238513469696045,neutral
hx5rxzg_0,high_critical,comment,NationalServiceSG,False,15,83,Became dumb af... Took me at least 6months to recover from NS bullshit....after ORD,0.0055481502786278,0.8218117952346802,0.1726400256156921,critical
hgyuj4m_0,high_support,comment,NationalServiceSG,False,36,185,"that’s good news, and thank you for your service! SAF still have a long way to go… Normalise Malays *(NSFs or Regulars)* in the Air Force, and Navy then we can start removing the stigma",0.634347140789032,0.0256136078387498,0.340039312839508,critical
kede2r_0,high_support,submission,singapore,False,3,17,SPF NS enlistment,0.6515117287635803,0.0440984368324279,0.3043898046016693,neutral
kqbmd3a_0,high_critical,comment,NationalServiceSG,False,3,10,My bad bro,0.1113113760948181,0.5608866810798645,0.3278019428253174,neutral
k6hrrtc_0,high_support,comment,NationalServiceSG,False,32,153,I went to the toilet to go shower. Lo and fucking behold in the shower cubicle someone took a big fat shit right in the middle of the cubicle. I love ns!,0.7423301935195923,0.0341142788529396,0.2235555350780487,neutral
ilky5ab_0,borderline,comment,singapore,False,61,343,"In general, workplace deaths garner a lot less backlash from the population, even when the victim is a Singaporean. My guess is because happenings within a company feels rather disconnected from our lives. Not many of us work or know of a close acquaintance or family member that works at XYZ company, but NS is universally known to all of us.",0.2402305006980896,0.1726939231157302,0.5870755314826965,neutral
kjbwxsq_0,high_support,comment,singapore,False,26,130,True maybe we should sponsor prodigies to go overseas where ever it may be. Then come back be do civil service for 2 years like NS,0.7334823608398438,0.0290294643491506,0.2374882102012634,neutral
fdfxpmj_0,borderline,comment,singapore,False,73,334,"I know how you feel, but from my experience a year ago, I had a similar situation as you, try to make some even if they are not lasting. If not, no worries, once you POP, there is a chance you will not be with your BMT mates in the same work (I am currently the only NSF in my unit, things get boring, but I'm glad I was in this unit)",0.3478606641292572,0.0877813324332237,0.5643579959869385,neutral
lzchpfl_0,high_critical,comment,NationalServiceSG,False,45,224,"With all due respect, if women are made to be nurses as a form of NS, I feel it will be bad as there will be one bitch with princess attitude that will inadvertently cause the death of a patient due to their shitty attitude.",0.0574322827160358,0.5789137482643127,0.3636540174484253,neutral
gwwc0i0_0,singlish,comment,singapore,True,18,95,"Gotta wayang and imply that locals are to blame. When it comes to borders, zero peep from them.",0.1396156549453735,0.3049486577510834,0.5554356575012207,neutral
l76frn8_0,short_chunks,comment,NationalServiceSG,False,4,17,damn that’s tough,0.1873871684074401,0.5024544596672058,0.310158371925354,neutral
gqnwt0l_0,singlish,comment,NationalServiceSG,True,29,159,During the medic vocation training no soc and most of the PT are very slack compared to BMT. Eg metabolic circuit but no jumping Jacks in between the exercises,0.1076906472444534,0.042836382985115,0.8494729995727539,neutral
kolmc5i_0,short_chunks,comment,NationalServiceSG,False,12,51,Isn't the current COA a CDO now? Is that fake news?,0.0897770449519157,0.2881107628345489,0.6221121549606323,neutral
kvnwf9_0,short_chunks,submission,NationalServiceSG,False,7,42,This kind of spectacle allowed during NS ?,0.0540996752679348,0.3011549711227417,0.6447453498840332,neutral
lq3tu85_0,short_chunks,comment,NationalServiceSG,False,10,48,"Maybe when you become an adult, you will get it.",0.181828886270523,0.2408841252326965,0.577286958694458,neutral
kepmmal_0,borderline,comment,NationalServiceSG,True,69,365,"Yes. Make things easy for the referee..  Not that they don't know how to write a good recommendation letter, but in all situation, the better ones have way much more things to cover up in their mind, and you don't want to end up asking twice. Unless if you you go overboard making yourself out as an extraordinary person, they'll usually happily sign on your draft.",0.2496993243694305,0.0911443904042244,0.6591562628746033,neutral
mowh5yf_0,short_chunks,comment,NationalServiceSG,False,16,77,"Show your dick to MO, ask MO to certify. After that, 84 Day excuse draw arms.",0.1471921801567077,0.1648474335670471,0.6879603862762451,neutral
lc0urml_0,borderline,comment,NationalServiceSG,False,34,171,"While I was taking my degree at SIM, I saw several rich kids taking their degrees during their NS. They are stay-out personnel and they'll go to school once they book out.",0.1400927007198333,0.1456733494997024,0.7142339944839478,neutral
1d67wit_0,borderline,submission,NationalServiceSG,True,62,319,"SAF Supply officer sign on. Anyone sign on to the supply formation after uni to advise

How has your experience been so far? from interview like is it easy to get in and how is unit life (WLB wise)

Do you feel like it is relevant to private sector so that theres a place to fall back into after finishing the contract?",0.3862644731998443,0.1268799155950546,0.4868556261062622,neutral
jswonwm_0,singlish,comment,singapore,True,56,292,"Encik coy a lot more slack 

Come to mono intakes is completely different. Jan 2020 mono, knn the other coy CSM siao one, confinement week he drop his coy dunno how many times anytime anywhere. A lot of times they kena dropped coming down the staircase, u see them all in position from lv 1-4",0.246397778391838,0.1280793994665146,0.625522792339325,neutral
k5xqvum_0,borderline,comment,NationalServiceSG,False,75,388,"Bridging Engineer Spec... with Military class 3 / 4 and assault boat(the free seafood is grrreaat!) and no guard duty and no operational duties cos my batch, there was only 12 of us and no spec/pioneers when we pass out... so we are like ""lord of our company"". But my company is the only active company in a bridging battalion so we kenna a lot of shit reservist sai kang but still fun :D",0.3742050528526306,0.0365125313401222,0.5892823934555054,neutral
mrp5k17_0,short_chunks,comment,NationalServiceSG,False,1,5,What?,0.1646297127008438,0.3750055730342865,0.4603646993637085,neutral
dy1n55g_0,short_chunks,comment,singapore,False,9,54,Check under the sandbag. Might be your friendly Encik.,0.2361384630203247,0.1115439087152481,0.6523175835609436,neutral
e0yt9b9_0,short_chunks,comment,singapore,True,13,68,Yeah feel like the chao keng thing is a  civil service/mindef thing.,0.3010965585708618,0.0356853604316711,0.6632180213928223,neutral
khwrat7_0,singlish,comment,NationalServiceSG,True,6,33,Can sign on with overseas degree?,0.1452308297157287,0.0623411238193511,0.7924280762672424,neutral
gyzw21d_0,short_chunks,comment,NationalServiceSG,False,10,60,No issues. The camaraderie will make you guys bond together.,0.2581037580966949,0.031680628657341,0.7102156281471252,neutral
n30xw05_0,borderline,comment,NationalServiceSG,False,5,21,2 years very fast one,0.2100703418254852,0.3062480986118316,0.4836815297603607,neutral
hs1nkqw_0,high_critical,comment,NationalServiceSG,False,55,308,"If you read history, even countries like Estonia and Lithuania are former Soviet countries have conscription and they still relied on NATO to protect their forces cos they are simply too underpopulated, no matter how much you try to train your so called NSF, in the end it's still the same number of soldiers",0.0578395724296569,0.5437986254692078,0.3983618319034576,critical
mvg89nu_0,singlish,comment,NationalServiceSG,True,14,57,What is the IPPT Req if want to sign on either DES or DEI,0.3713416159152984,0.0803867205977439,0.548271656036377,neutral
gvv23q2_0,short_chunks,comment,NationalServiceSG,False,4,14,"Not in bmt,CP.",0.173707440495491,0.1979930251836776,0.6282995343208313,neutral
d23slw5_0,borderline,comment,singapore,False,67,376,"you don't have to be in the US to have great pay in telecom industry, national carrier level is quite fat in pay already compare to general engineering. international carrier or hub such as sybase, tatacom, BT etc have higher paid. i work in 2 national level carrier before and back then i'm getting about 80k per annum not including server maintenance OT ( variables salary).",0.3073222041130066,0.0797014087438583,0.6129763722419739,neutral
dyx3vc8_0,singlish,comment,singapore,True,15,91,training them the importance of not showing weakness that will have you labelled chao keng.,0.3061332702636719,0.1700563430786132,0.5238103866577148,neutral
1fdik2q_3,high_critical,submission,NationalServiceSG,False,54,325,"As outsider NSFs, we all heard about this divide between scholars who collect ranks and badges like pokemon and the rank and file junior officer/DXO/Encik who slog for years just to “hentak” at a middling position. Much criticism lodged at the government for engendering a unfair yet seemingly meritocratic  system like this.",0.1098468080163002,0.5225167274475098,0.3676364421844482,neutral
jgv2lhx_0,high_critical,comment,singapore,False,20,90,ppl who had bad understudy during their NS and can't ord in peace: LHL is just like me fr.,0.0796908661723136,0.5539751052856445,0.3663339912891388,neutral
jlrqwgk_1,high_support,comment,singapore,False,61,380,"Just because you like having NS and you enjoy the national defence provided by these slave soldiers doesnt mean you have to resort to doublespeak. >Calling conscription slavery is stretching reality and I'm sure we can find a common ground between ""gung-ho authoritarianism"" and national pride. If slavery brings you pride then your moral compass needs some serious recalibration.",0.7025484442710876,0.1484171450138092,0.1490344107151031,critical
ggkjj1g_0,short_chunks,comment,NationalServiceSG,False,7,31,problem is i on course now sial,0.1107398718595504,0.4822078943252563,0.4070523083209991,neutral
vkp0jx_0,high_critical,submission,NationalServiceSG,False,27,138,"No longer enlisting under SCDF. Yes, I'm that anti-SCDF guy and yesterday I've went to the CMPB for my appointment to see their counselor.",0.0822775512933731,0.5227468609809875,0.3949756026268005,neutral
h9hk21n_0,high_support,comment,singapore,False,1,11,reservist\*,0.7786558866500854,0.0198002438992261,0.2015438079833984,neutral
dttfxi2_0,high_critical,comment,singapore,False,53,288,"what, really? I was under the assumption that they didn't allow that as I read somewhere that it says something about if they allow this to happen, it would be ""allowing some people to choose when they would want to do their national service and might bring unhappiness to current ns men)",0.0233634617179632,0.5679829120635986,0.40865358710289,neutral
1nwxyn6_0,singlish,submission,NationalServiceSG,True,21,127,"Min contract period for ME4 DIS. Context: completed NSF, degree holder. Whats the minimum service period if sign on as regular?",0.1733852475881576,0.0955655947327613,0.7310492396354675,neutral
huyss90_0,singlish,comment,NationalServiceSG,True,21,103,"u really lazy to collect ur pink ic want sign on ah

/s

(read his previous post before u downvote LOL)",0.0956863984465599,0.1910399049520492,0.7132737040519714,neutral
cguwj9d_0,borderline,comment,singapore,False,27,140,Extra 8 weeks as in you have to complete 2 years of service instead of the shortened one for those who get gold for NAPFA before enlistment.,0.1302087008953094,0.1868799775838852,0.6829113364219666,neutral
o653ph_2,singlish,submission,NationalServiceSG,True,45,230,"Despite the fact that I don’t think I will fit the regimental lifestyle well, I am pretty firm on signing on. My original plan is to get posted to OCS, and sign on normally under the enhanced officer scheme and see how from there.",0.4674671292304992,0.0464439839124679,0.4860889017581939,neutral
mktb3am_0,singlish,comment,NationalServiceSG,True,27,138,Depends how wayang you are I guess.. I was in army and didn’t declare and hid it. Only halfway through command school then they found out.,0.0292851272970438,0.057900171726942,0.9128146767616272,neutral
mvwz7rq_0,high_critical,comment,askSingapore,False,30,173,"I remember this particularly crude word back in NS: Hong Kan, used to express extreme disappointment and anger at the fact that everything that could go wrong has gone wrong",0.0610602274537086,0.8398292660713196,0.0991105362772941,neutral
gsk7ocw_0,borderline,comment,singapore,False,122,549,"Not good like the others here, but my best was 12.30+. Anyway early this year I was training for the first time in a year, and with only 1 month to spare, I ran 3 days a week. My first session I ran 16 minutes, on IPPT day I reduced it to 13.51. So this was what I did: run the standard 2.4km, then rest for 10 minutes, rehydrate. Then for the second part of the run, run 400m, take that time to rest (eg. Running 400m in 1.55 min, then rest 1.55 min, then Run 2nd set of 400m in 2.01min, then rest 2.01min and so on) until 6 rounds of 400m is done.",0.2771401107311249,0.0958706364035606,0.6269892454147339,neutral
kh7jf1u_0,borderline,comment,NationalServiceSG,False,3,17,eagle company ah?,0.2918288111686706,0.1146170943975448,0.5935540795326233,neutral
ix1h43o_0,high_support,comment,NationalServiceSG,False,41,233,"SPF

Pros: 

1.Relatively more easier Basic Training compared to SAF and SCDF. 2.No stay in after basic training. 3.Can get promotion to SGT easily in Frontline role during PNSF and get SGT during reservist if Support-Frontline role.",0.6295243501663208,0.0415621995925903,0.3289134502410888,neutral
nds1aj7_0,singlish,comment,NationalServiceSG,True,27,119,"bro ggs ah. i ord a few years ago as afv operator from HQ 4sab. Afv opr the worst vocation u can get, a lot of saikang.",0.0910679623484611,0.2740111052989959,0.6349210143089294,neutral
obijud_0,short_chunks,submission,NationalServiceSG,False,6,28,Need advice for OOT from bmt,0.2652472555637359,0.193680390715599,0.5410723686218262,neutral
