chunk_id,doc_type,subreddit,queue_type,sent_neg,lex_committed,lex_uncommitted,text,human_label,human_stance,v2_buyin,v2_c2d_strength,v2_stance
e4ge0b7_0,comment,singapore,test_minority,0.9562468,0.0,0.0,The day I start taking AWARE seriously is the day we have equal conscription and income based alimony liabilities.,neutral,critical,uncommitted,,critical
hektmmn_0,comment,singapore,test_minority,0.97459716,0.0,0.0,would happily have stayed if we were treated as equals with SC and PR in regards to National Service to welcome you?,neutral,critical,uncommitted,,critical
etfwgky_1,comment,singapore,test_minority,0.9849434,0.0,0.0,"Ask ur old school friends about stories for the unwarranted SOL or extras, it can get so much worse 

Inconvenient and sian I know but don't let it get to you, just roll with it. So many people here suggesting you call the hotline and report with a parent to mindef?",committed,neutral,neutral,,neutral
my7tg7e_0,comment,singapore,test_minority,0.89399797,0.0,0.0,"> Oddly enough, I functioned pretty well in NS. Am I just highly adaptable or did I gaslight myself into thinking I'm asserting my agency by choosing to accept the regimentation 🤭

This one no choice unless one willing to go DB and extend.",neutral,neutral,committed,demonstrated,neutral
hegyorz_1,comment,NationalServiceSG,test_minority,0.98003376,0.0,0.0,With not much time for myself to the endless duties given to me it took a toll on myself. But I always confide in the same person eventhough we are in different camp now. So find that friend that you can confide in and get everything off your chest. And if it still stresses you out I suggest you talk to your PC or call the counselling hotline cause nothing is more important than one’s mental health,committed,neutral,neutral,,neutral
ip5h5cz_3,comment,NationalServiceSG,test_minority,0.93226105,0.0,0.0,"you should make a choice now actually. i would suggest you stay on and experience it so that you become more used to the culture and also get a better taste of what it really is like, clm is just an adjustment period and usually just sucks although service term is not much better, only getting better in pro term with more welfare and admin time.",committed,neutral,neutral,,neutral
l0l260o_0,comment,NationalServiceSG,test_minority,0.7123604,0.0,0.0,Doesnt matter as sergeant or man or officer. Every NSF will ask whats the point of doing this.,uncommitted,critical,neutral,,neutral
gkt56hp_0,comment,NationalServiceSG,test_random,0.004917295,0.0,0.0,"Its very sad to kill a quail, but from experience at the point in time, your hunger and determination to finish the course is so strong that you don't feel the sadness for the quail.",committed,neutral,neutral,,neutral
naejf2p_0,comment,NationalServiceSG,test_minority,0.9556948,0.0,0.0,"keep extending mc until you feel well, if not you can safety hotline, ord alr dun think so much lol",uncommitted,neutral,neutral,,neutral
i0rgm6l_0,comment,NationalServiceSG,test_minority,0.9846779,0.0,0.0,"no, it does not make u a man, having a dick, make u a man, yelling makes people think u are a shithead",neutral,neutral,uncommitted,,critical
maxau37_0,comment,NationalServiceSG,test_minority,0.9665178,0.0,0.0,"Today a regular in my unit shared with me a lesson that people have been telling me, that Good soldiers always get punished in SAF and the army culture promotes that... Those who MC if they overslept will have no issues rather than a hardworking soldier that arrives slightly later to slog for the day as he will be punished. Plus no extra pay for good attitude too",neutral,critical,committed,demonstrated,critical
mwfwnad_1,comment,NationalServiceSG,test_minority,0.97863775,0.0,0.0,Don't need serve still want to add salt to the wound of you guys. 2.,neutral,neutral,uncommitted,,neutral
fthvi6b_1,,,,,,,"If this doesn't faze you then, by all means, sign-on! It is amazing to be a part of the tight-knit NDU family, and Diving (military diving) is one of the most interesting military vocations out there.",committed,supportive,neutral,,supportive
mn04woi_0,,,,,,,"If your criteria for eligibility to serve NS is based on ones willingness to fight/die for their country, I don't think you would be conscripting like half of SG born Singaporean men either...",uncommitted,neutral,neutral,,neutral
j8l4bd5_0,,,,,,,"then u should be on our side, not the regular's side. they say then say. pay more important than pride and ego",uncommitted,critical,neutral,,neutral
ifla4cg_0,,,,,,,def 1.5k minimum. nsf pay esp the $600~ csscom ppl get is a complete joke. am alr able to earn nearly 5x of my pay outside rn w approximately the same amount of time n effort,uncommitted,critical,neutral,,critical
i8txjci_0,,,,,,,Man I hope you don’t have to go through reservist,uncommitted,neutral,neutral,,neutral
ivmz42f_0,,,,,,,I did but it slows your life progress and restricts your freedom,neutral,critical,uncommitted,,neutral
ly1z6c8_0,comment,NationalServiceSG,committed_supplement,0.99097896,2.0,0.0,"They're proud that they suffered more than us, or salty that we suffered less. Either ways idgaf they love ns so much y don't they sign on.",neutral,neutral,uncommitted,,neutral
ivw6fd0_1,comment,NationalServiceSG,committed_supplement,0.022979293,1.0,0.0,Graduate liao can become cleaner/clown/paper shredder to defend singapore wor!!! Very good jobs you know?,uncommitted,critical,neutral,,neutral
j88ecez_0,comment,singapore,committed_supplement,0.8059399,1.0,0.0,"my time 350/month.. up to cpl only 480/mth.. service side during ns.. had to posted overseas to get some better pay 850 allowance so total 1330/mth..

i understand NS is important but they should increase the pay to have some financial safety after ord (some savings plan for 2 years)",committed,critical,neutral,,supportive
kv5c0ey_0,comment,NationalServiceSG,committed_supplement,0.0015053962,2.0,0.0,"Haha sorry that was my other acc,, yep im posted to SCS so ill be a spec. I also heard that near ORD if u choose to sign on they post u to OCS or that if u sign on after uni they will send u straight to ocs…. how true is this?",neutral,neutral,demonstrated,demonstrated,neutral
iyj0wgo_0,comment,askSingapore,committed_supplement,0.89146525,1.0,0.0,"Multiply that by 2 years gives us 98k

And that is based on a very conservative calculation that after your studies you enlist in NS straightaway without wasting anymore months. You are asking basically will you like to throw away 2 years of career progression and 98k to serve the nation.",uncommitted,critical,neutral,,neutral
iss1dr8_3,comment,NationalServiceSG,committed_supplement,0.017455878,1.0,0.0,"I noticed your GPA mentioned was 3.8, I'm not sure about what the hiring standards for your industry are, but evaluate whether you will be able to get a job based in your qualifications in the private sector and how much it'll cost you. If you can get a job matching the pay offer by SAF, DON'T SIGN ON.",uncommitted,critical,neutral,,neutral
kt0cub9_0,comment,singapore,committed_supplement,0.046844453,1.0,0.0,Maybe you are right but national service is important for the stability of our country. Having a strong defence allow us to progress peacefully and prevent catastrophic consequences like Ukraine in recent years. We know that we cannot depend on others in country defence so all Singaporeans should play a part in our military defence.,committed,supportive,neutral,,supportive
ifyw488_0,comment,NationalServiceSG,committed_supplement,0.9685962,2.0,0.0,"It's really up to your own decision, don't be peer pressured into thinking you would lose out in brotherhood when your mental health would be the one losing out. Like you've said also, your ippt standard is also subpar and also not looking forward to the brunei trip. Just my 2 cents, ooc and join the ASA brotherhood instead ;)",uncommitted,neutral,neutral,,neutral
iw1yj20_0,comment,askSingapore,committed_supplement,0.8543681,1.0,0.0,"&gt;Ultimately real Singaporeans are determined by what you will do if Singapore is under attack. Nah, real Singaporeans are determined by whether they did NS /s. Forget about whether these guys will really defend Singapore if we ever got invaded",uncommitted,critical,neutral,,neutral
cf7cn4p_0,comment,singapore,committed_supplement,0.035823748,1.0,0.0,"First and foremost, our NS is not an artificially contrived programme to foster understanding and perform free/community work. It's first formed to serve a real need to defend Singapore when the British pulled out their troops after Independence. Unlike most countries who have professional soldiers, SG has to implement a conscript system much like Taiwan (although to be phased out soon) and Israel.",committed,supportive,neutral,,supportive
eiypdru_0,comment,singapore,committed_supplement,0.6105488,1.0,0.0,"If possible, arrange to be seen by an outside doctor and get him to write a recommendation to MO for down PES or change of vocation. Old injuries are no joke man. You serve the nation better by not worsening your old injuries.",committed,neutral,neutral,,neutral
fvr13b1_0,comment,singapore,committed_supplement,0.060112868,1.0,0.0,Voting rights came along with conscription. It was expected to be one’s responsibility to serve the nation to earn the right to vote.,committed,supportive,neutral,,neutral
c3mohjb_0,comment,singapore,committed_supplement,0.23799771,1.0,0.0,"I did always entertain the notion that National Service is less about national defense than it is about a trumped-up version of the Boy Scouts with a slice of the National Cadet Corps. National Service teaches camaraderie, brotherhood and what-have-you in addition to bonding that transcends racial boundaries forged in periods of extreme stress.",committed,supportive,demonstrated,demonstrated,supportive
eczv38c_0,comment,singapore,committed_supplement,0.4132181,1.0,0.0,"Hopefully enjoy NS when I enlist
5. Get an internship/work on projects before I start NS",neutral,neutral,committed,demonstrated,neutral
noknbdp_0,comment,NationalServiceSG,committed_supplement,0.029064668,1.0,0.0,"Honestly, I agree on the part where learning is involved and we all grown alot in our own ways (regardless of how it's being forced into us)

But if you ask me how do I feel about ORD, I think it's more of a sweet than bitter bah. I wouldn't want to go through the cycle again even if I miss the brotherhood and the memories that I have forged with my boys. Those daunting days of outfield definitely a no go haha😭

Happy OWADIO",neutral,neutral,committed,demonstrated,neutral
ngssrdg_0,comment,askSingapore,committed_supplement,0.9872556,1.0,0.0,"The SG identity is already diluted. Going forward, how many will feel serving NS is necessary? NSFs and reservists are defending 40%+ foreigners. And that number will keep increasing under the current administration.",uncommitted,critical,neutral,,critical
gm4r7dj_0,comment,NationalServiceSG,neutral_collapse,,,,"Just go for what you really want, but IMO it’s worth it as BMT is quite short anyway and you don’t lose anything really (most of your concerns are just about hair, which unless you’re an actor or model shouldn’t matter too much). Not a nice feeling to see everyone else higher rank than you, but in the end whatever you choose is fine",neutral,supportive,committed,demonstrated,neutral
m8oeu8a_1,comment,NationalServiceSG,neutral_collapse,,,,5sir? A lot of my peers are also planning to sign on or extending contract as well.,neutral,neutral,demonstrated,demonstrated,neutral
jo7amnj_4,comment,NationalServiceSG,neutral_collapse,,,,See your SM. Ur SM nice then shiok if not jus ooc not worth it fck SM6.,uncommitted,critical,neutral,,critical
cyhi0vo_0,comment,singapore,neutral_collapse,,,,"What i missed
- That carefree unit life (was lucky to be posted to a live ops unit - we did very little) 
- That cookhouse food (I actually like it, don't understand why people go to canteen all the time)
- That PSP monster hunter and pro evo soccer
- That fit younger self that almost got gold for IPPT
- Army friends of mine 

What I don't miss
- That terrible BMT when I got ~40C fever and threw up 
- That bureaucracy and waste of time as a result
- That conformity forced upon you",uncommitted,critical,neutral,,critical
iegoi1w_0,comment,singapore,neutral_collapse,,,,i still gt 1 whole month of leave n off haven clear. still got medical stuff. so acheli if my understudy faster cum i can ord mood 3-4mth in advance liao.,uncommitted,neutral,neutral,,neutral
18xw9dt_0,submission,NationalServiceSG,neutral_collapse,,,,Infantry officer worth it?. I’m an NSF currently in OCS pro-term for infantry.,neutral,neutral,committed,demonstrated,neutral
1kerzue_0,submission,NationalServiceSG,neutral_collapse,,,,Boy don't i love NS in the big 2025 🥀🥀🥀,uncommitted,neutral,neutral,,neutral
ls141gh_0,comment,NationalServiceSG,neutral_collapse,,,,"The kind of unit literally keng also no point, might as well do a bit of work to make the long weekends mean smth",committed,neutral,uncommitted,,neutral
lpnp9gc_2,comment,NationalServiceSG,neutral_collapse,,,,"Easiest way to make more money, Wayang your way to CFC. In all seriousness, nowadays pay quite high already.",neutral,neutral,uncommitted,,neutral
lbtp1k1_1,comment,NationalServiceSG,neutral_collapse,,,,"Short answer: no, it's not worth it

Long ass answer:

If you have a passion, it's fine to sign on. If you're in for the money, please don't cuz you will regret it.",uncommitted,neutral,neutral,,neutral
i74fdjf_0,comment,NationalServiceSG,neutral_collapse,,,,"want to keng, keng properly. get diagnosed via a psychiatrist. if money is an issue then do it aft you enlist.",uncommitted,neutral,committed,demonstrated,neutral
m9c9ckr_4,comment,NationalServiceSG,neutral_collapse,,,,All your points are nonsensical bullshit points. What friendship what brotherhood.,neutral,neutral,uncommitted,,critical
jlsvrqw_0,comment,NationalServiceSG,neutral_collapse,,,,"Honestly, the main reason why i want to up pes is cuz im confident in my ippt and i have been getting consistent ippt gold scoring. Do you think its worth it for the ippt bonus?",neutral,neutral,committed,demonstrated,neutral
m6kf5ed_0,comment,NationalServiceSG,neutral_collapse,,,,"If you’re a normal soldier, don’t keng, arent fucked up, do shit properly, your CSM/OC will be more than happy to help you get offs even if not enough. Just play ball a bit and suck their cock a bit (figuratively and/or literally - up to your ability)",neutral,neutral,uncommitted,,critical
jo7amnj_13,comment,NationalServiceSG,neutral_collapse,,,,See your SM. Ur SM nice then shiok if not jus ooc not worth it fck SM6.,uncommitted,critical,neutral,,critical
j9nscaq_0,comment,NationalServiceSG,neutral_collapse,,,,Even more reason to Keng then? Only do the same amount of work that nsfs are worth for in their eyes? 8% gst and rising costs still say no need to change,uncommitted,critical,neutral,,neutral
kc7csk3_0,comment,NationalServiceSG,neutral_collapse,,,,if you wanted to migrate/emigrate you might as well do so before 2 years NS? why waste 2 years then migrate?,uncommitted,critical,neutral,,neutral
1bp1ntu_0,submission,NationalServiceSG,neutral_collapse,,,,"How to siam pcc appointment . My second pcc appt is coming soon and I'm legit dreading it af...I know many people have positive experiences with pcc and that most pcc doctors are v nice and that my experience definitely does not represent the typical pcc experience but trust me I have seen my fair share of rude doctors who don't want to do their jobs and this one is truly next level

 Moment i open the door i know i suay cuz his expression identical to bmtc sian recruit,eyes half closed and sighing non stop, during the consultation i kept getting sarcastic remarks thrown at me and he is highkey hinting i am trying to keng even though my condition is legit and anyone who was with me for a year or more can vouch for me...whenever i want to raise a concern i was told curtly to ""answer my question"" and his expression when i am trying to raise my issues is screaming idgaf and it felt like he is trying his best to let me know he wants me to fark off. Throughout the consultation i had to fight back a burning urge to ask ""permission to fk off sir"" which surely will be granted instantly,if anyone witnessed the interaction they would think i owe him money....honestly if i ever need psychological help again I'd rather call my ex...

I will likely be stuck with the same doc so if i conveniently forget about the appt that day but still report to camp will i be considered awol?Or will calling them directly and asking if i can stop coming suffice?And srsly if any of you got upcoming pcc appt better burn incense and pray you get the typical nice pcc doc and not suay to max like me",neutral,critical,uncommitted,,neutral
n3rkd0k_0,comment,NationalServiceSG,neutral_collapse,,,,"If the MO says that your injury will affect your training and cause long term damage then just OOC, it ain't worth it. If you want to OOC because you don't feel much purpose right now, I recommend against it because you've already gone through so much sh*t and you will probably look at it differently after you commission. On the flip side, if you OOC now you might have regrets when you meet up with your service term bros again after they commission, the feeling is also quite sh*tty.",committed,neutral,neutral,,neutral
1fubbh4_0,submission,NationalServiceSG,neutral_collapse,,,,"NS made me rely on caffine. I CANNOT wake up on weekends, my body is too physically and mentally tired to do so loving the infantry life. Cant do shit without coffee fml fml fml",neutral,neutral,committed,demonstrated,neutral
gywiqr3_0,comment,singapore,neutral_collapse,,,,"Wa that sounds damn sian. The best part of ICT, at least for me, is meeting up with mates from NS, and ~~selling them insurance~~^/s catching up over meals during nights out.",committed,neutral,neutral,,neutral
cf7cn4p_1,comment,singapore,neutral_collapse,,,,"First and foremost, our NS is not an artificially contrived programme to foster understanding and perform free/community work. It's first formed to serve a real need to defend Singapore when the British pulled out their troops after Independence. Unlike most countries who have professional soldiers, SG has to implement a conscript system much like Taiwan (although to be phased out soon) and Israel.",committed,supportive,neutral,,supportive
hku2o3u_0,comment,NationalServiceSG,neutral_collapse,,,,"Not possible but scdf more worth it, you get to really make a difference and learn/do real things that affect people every single day, whereas in the SAF you'll just end up doing tons of saikang, dealing with unreasonable superiors and learning stuff that is practically useless after ORD. Do you know how many people would rather go scdf than SAF?",neutral,critical,uncommitted,,critical
d70qc3p_0,comment,singapore,neutral_collapse,,,,give in to what? go to work then go to sleep then 2 years later ord lo. don't prove your father right la,neutral,neutral,uncommitted,,neutral
ibie8h4_0,comment,askSingapore,neutral_collapse,,,,"I'm so, so close to ORD. Counting down the days no longer feel like an exercise in insanity.",neutral,neutral,uncommitted,,neutral
jo7amnj_5,comment,NationalServiceSG,neutral_collapse,,,,See your SM. Ur SM nice then shiok if not jus ooc not worth it fck SM6.,uncommitted,neutral,neutral,,critical
ls0url4_0,comment,NationalServiceSG,neutral_collapse,,,,cfm won’t kena la why need waste time defer haha,neutral,neutral,uncommitted,,neutral
giiseic_0,comment,NationalServiceSG,neutral_collapse,,,,Smuggle in - if you dare. Smoke at latrine and hope nobody snitches.,neutral,neutral,uncommitted,,neutral
i457mpn_0,comment,NationalServiceSG,neutral_collapse,,,,"If u want to take the physical and mental challenge, u can try exercise 1 to 2 hrs everyday to build up ur body and mental resilience first. If u are too bored and u want that brotherhood thing, u can try uppes.",neutral,neutral,committed,demonstrated,neutral
j3zrr8x_0,comment,NationalServiceSG,neutral_collapse,,,,"Worth it, very very worth it. But if your platoon mates or even ur buddy regularly need to help you with your tasks such as clean your weapons for u, tidy ur sleeping area for SBA, polish ur boots for u, etc.. then a bit of problem alr unless ur the kind that fk care everything, let others suffer as long as you yourself not suffering. This 2 years everyone all suffering equally and hate it, having a chaokeng buddy just makes that one guy life in NS even worse.",neutral,neutral,committed,demonstrated,neutral
n45sawa_2,comment,NationalServiceSG,neutral_collapse,,,,"I think you’re slightly mistaken. Not sure which SIR he is in, but being in unit is about 10x worse than being in BMT. I’m in a combat unit and BMT was heaven. Naps everyday, commanders can’t do much to us because of the BMTC commanders. But when I was posted to unit I literally had 0 time to take a nap. I was drilled by my Platoon Sergeant every single day to the point of exhaustion, and your mental is shit daily knowing it’s the endless pointless tiring exercise the next day for the entirety of your NS.",neutral,neutral,committed,demonstrated,neutral
ee6id1e_0,comment,singapore,neutral_collapse,,,,"U reservist jurong camp? I didn't know reservist need remove camera, now I feel even more sian that I have to go back this year.",uncommitted,neutral,neutral,,neutral
hszt7z1_0,comment,NationalServiceSG,neutral_collapse,,,,"As long as you have MC, doesnt matter you keng or legit sick. MC is king.",uncommitted,neutral,neutral,,neutral
imcadou_0,comment,NationalServiceSG,neutral_collapse,,,,"yeah nothing wrong just a selfish shirking of national duty and a criminal offense, no biggie fr",neutral,supportive,uncommitted,,critical
iloeied_0,comment,singapore,neutral_collapse,,,,"Then this is your job problem. The scope too wide or the pay too low such that you need ""captive"" labour subject to military law or else nobody wants to do it. I'm sorry, NS is to defend Singapore not shitty jobs.",committed,critical,neutral,,critical
dyb5dhr_0,comment,singapore,neutral_collapse,,,,U post unit then keng. BMT not worth to keng u get ur rank first then keng if not you wont get much pay,uncommitted,neutral,neutral,,neutral
jibjn2t_0,comment,NationalServiceSG,neutral_collapse,,,,"Depends on what is your definition of ""worth it"" is. If you want to develop character, resilience and develop your leadership skills, both Command schools provide ample opportunities for you to develop them.",committed,supportive,demonstrated,demonstrated,supportive
ek5ypvr_1,comment,singapore,neutral_collapse,,,,"going to ORD in 4 months. if anything, NS made me and my gf closer than ever.",committed,neutral,neutral,,neutral
e0gk5gp_0,comment,singapore,neutral_collapse,,,,ICT over back to work.. 1 word SIAN,neutral,neutral,uncommitted,,neutral
cwkcjcn_0,comment,singapore,neutral_collapse,,,,Don't let anyone tell you otherwise (e.g. To chao keng. It's really not worth it),committed,neutral,neutral,,neutral
e055am2_0,comment,singapore,neutral_collapse,,,,"Sign on as WOSPEC = idiot 

Commandos is not worth it, storeman/clerk most worth

sauce : was a CDO fighter, ORDed long ago",uncommitted,neutral,neutral,,critical
dhg1sr5_0,comment,singapore,neutral_collapse,,,,to the scs cadets yesterday doing route march around 8pm at the 300 and 100m ranges.. sorry for shouting ord lo but i'm finally done with atec2 i cannot describe my happiness after the bullshit outfield,neutral,neutral,committed,demonstrated,neutral
nv6pd5k_4,comment,NationalServiceSG,neutral_collapse,,,,Entirely based on personal opinion. Not every NSF look at their 2 years serving the country as a “job” or what many say “waste time”.,committed,supportive,neutral,,neutral
edlkmtt_0,comment,singapore,neutral_collapse,,,,"ORD lo, and I'm already overslept for my HOTO lol",uncommitted,neutral,neutral,,neutral
n49canr_0,comment,NationalServiceSG,neutral_collapse,,,,"I am a Singaporean here and yes I also have plans to migrate in the future. Your case seems to be a bit trickier but since you are fully Malaysian and don't have roots and relationships to SG, wouldn't getting Ur education in Malaysia and working your way to migration to AU be safer and better since U will most likely be charged pretty harshly being a defaulter. Truth is many Singaporeans wish they can migrate but have to be stuck doing NS just because sits out nationality and birth citizenship... If I am a foreigner or don't have much ties to sg I certainly wouldn't waste 2 years doing NS... But right now I am following the standard path and slowly paving the migration way after NS hopefully",uncommitted,critical,committed,demonstrated,neutral
k9uz9vm_1,comment,NationalServiceSG,neutral_collapse,,,,"Bloody gu niang! Benefited since you were a tobbler and now when it's time for you to serve, you want to chao keng?!",neutral,neutral,uncommitted,,critical
iuq7bh2_0,comment,NationalServiceSG,neutral_collapse,,,,storeman here with 544 days left and i ord mood alrdy HAHAHA wgt storeman leads the way ya~~,uncommitted,neutral,neutral,,neutral
dy1qk7a_0,comment,singapore,neutral_collapse,,,,"Move along everyone, just another chao keng recruit.",neutral,neutral,uncommitted,,neutral
fjfi5go_0,comment,singapore,neutral_collapse,,,,Extend ORD is bull shit. Probably just to scare u guys from trying to get a 14 day quarantine to keng,neutral,critical,uncommitted,,critical
k2zmvsb_0,comment,NationalServiceSG,neutral_collapse,,,,Cope and seethe loser who ask you never Chao Keng earlier L bozo,uncommitted,neutral,neutral,,neutral
i2q0tuw_1,comment,NationalServiceSG,neutral_collapse,,,,It can be slack or xiong based on where you go. My experience was slack as I was a storeman for a school that trains logistics officers so you can kinda guess how pointless me being in army was.,uncommitted,critical,neutral,,neutral
gzufkiy_0,comment,singapore,neutral_collapse,,,,Company deemed that I purposely chao keng during CNY - and gave me a damn bad performance review that year despite me having tonnes of customer compliments over the years with the company. Left that shithole once my contract was up. Hint: This local company \[in crisis now\] is notorious for punishing employees for taking MC - so much so that most employees will go to work even when they are sick.,neutral,neutral,uncommitted,,critical
r0tc67_1,submission,NationalServiceSG,neutral_collapse,,,,Will you defend Singapore?. It is no secret that a conscripted army will generally be less loyal.,uncommitted,critical,neutral,,neutral
nf0ubku_0,comment,NationalServiceSG,neutral_collapse,,,,"Keng MC first 3 days (need to be 3 days+ , if you not able to get in 1 go just revisit the doctor again)

After 3 days they most likely would just defer you on medical grounds.",uncommitted,neutral,neutral,,neutral
1ea5zyp_0,submission,NationalServiceSG,neutral_collapse,,,,"Is NDP even worth trying out?. Rn I'm a secondary school cadet in the NDP. I feel like it's a waste of time, should I still continue even tho I have alr invested so much time into it?",neutral,neutral,uncommitted,,neutral
guolrko_1,comment,NationalServiceSG,neutral_collapse,,,,"Just relax and remember brotherhood. It doesn't matter if you're slow or blur, everyone will help you.",neutral,neutral,committed,demonstrated,supportive
ele2oqz_2,comment,NationalServiceSG,neutral_collapse,,,,Hey man I understand where you're coming from but it is not worth it to keng and down PES. I was from the obese batch BMT ( 5 months ) and now PES B1 but I was posted to driver.,committed,neutral,neutral,,neutral
16dzryq_1,submission,NationalServiceSG,neutral_collapse,,,,I feel that NS made me less mature.. People like to say NS makes people mature. I enlisted into army believeing I would grow and become more mature.,neutral,critical,committed,demonstrated,critical
maxcri0_0,comment,NationalServiceSG,neutral_collapse,,,,"I'm in BMT rn first year soldier

My personal opinion is that the country is not worth serving because half the fuckers in this country are bitchass bums who aren't worth shit. People always describe our country as a first world nation with third world citizens, and I couldn't agree more.",uncommitted,critical,neutral,,critical
ee6raip_1,comment,singapore,neutral_collapse,,,,"I think NS sucks big time too and I would be one of the first to pop a champagne if they do away with the conscription system despite having already served NS, but if you think it's not important to Singapore at all you're probably being biased just because you are still serving. Heck, besides the few crazy fuckers I've personally seen, I don't think anyone actually likes NS.",uncommitted,critical,committed,demonstrated,critical
d1rspj2_0,comment,singapore,neutral_collapse,,,,"If something does happen to you, is your family grieving over your dead corpse gonna matter more or how people think whether you chao keng going to matter more? Only siao on or gareng no brains pple think they need to act tough like other people.",neutral,neutral,uncommitted,,neutral
nltiqlm_0,comment,singapore,neutral_collapse,,,,"Now, I also know many people who chao keng in NS. Besides wasting the 2 years of possible growth, the keng can become a habit that’s hard to break.",committed,neutral,neutral,,neutral
hhydgcs_1,comment,NationalServiceSG,neutral_collapse,,,,"wayang as hard as possible. examples include but not limited to:

1) sucking up to ur superiors. 2) sucking ur superiors(bonus if u female)
3) volunteering to cover duty for regulars/nsfs
4) bribing?",neutral,neutral,uncommitted,,neutral
l0lcdba_0,comment,singapore,neutral_collapse,,,,Lmao ORD liao alot of free time,neutral,neutral,uncommitted,,neutral
k92mt4_1,submission,NationalServiceSG,neutral_collapse,,,,Cons of spf SOC? Will SOC/police tactical trooper be worth it?. I think I'd like to get into SOC after my BPT as a vocation.,neutral,neutral,demonstrated,demonstrated,neutral
dv23lk3_0,comment,singapore,neutral_collapse,,,,Nope. Anyway I never Chao keng but just felt my vocation darn mundane. Although yes we can tell story at bmt and all but for my vocation pretty much nothing to be proud of.,neutral,neutral,uncommitted,,neutral
du6m5ot_0,comment,singapore,neutral_collapse,,,,Because PES status sticks with you when you apply for jobs under gov :(. You keng can fk off already.,neutral,neutral,uncommitted,,critical
gcog2t5_0,comment,NationalServiceSG,neutral_collapse,,,,"Keng abit, exaggerate your symptoms. Either way, most probably you won't revocate.",uncommitted,neutral,neutral,,neutral
lbevhn7_0,comment,NationalServiceSG,neutral_collapse,,,,No. I don’t actually want to Pes F coz I not keng. I’m perfectly fine in my admin job,committed,neutral,uncommitted,,neutral
hk8rcz3_0,comment,NationalServiceSG,neutral_collapse,,,,"Talk to commander, see OO, see MO. Dont hurt urself ,its not worth it for the long term, u will be seeing ur parent, cat and home weeks later, keep this thoughts in mind to overcome the tough times

Do report ur issue to ur commander and MO, so that they can help you when you are in need.",committed,neutral,neutral,,neutral
h1liybi_0,comment,NationalServiceSG,neutral_collapse,,,,IMO its not worth it and try your best to downpes. You risk re aggravating ur injury during BMT and there is no reason to compromise your standard of living for the next 50 years of your life for 2 years of service. Furthermore the pes b4 bmt is much safer and less taxing than normal bmt so why put your health at risk unecessarily.,neutral,neutral,uncommitted,,neutral
cqs3rrg_0,comment,singapore,neutral_collapse,,,,"Most private sector employers do not recognise your military experience. If you're really bent on joining the SAF, wait till you finish poly, enlist and judge if the military life is really suitable for you. Don't get tempted by the paltry sum of money that they are offering you during your studies, it's not worth it in the long run.",uncommitted,neutral,neutral,,neutral
cyjfpj5_0,comment,singapore,neutral_collapse,,,,"Channel that bitterness to positive things. For example, chao keng.",uncommitted,neutral,neutral,,neutral
