chunk_id,doc_type,subreddit,batch,trigger_phrase,text,human_label,human_stance
ho9jigs_5,comment,NationalServiceSG,U,wayang,just no dont listen to this comment. believe me what people hate the most even more than wayang kings and chaokeng kia are the snitches who go tell on their peers behind their backs.,neutral,neutral
ff1z9yd_0,comment,NationalServiceSG,C,worth it,"Its okay, some times in OCS, I used to have this mentality too. Like is it worth it?",uncommitted,neutral
gm4r7dj_0,comment,NationalServiceSG,C,worth it,"Just go for what you really want, but IMO it’s worth it as BMT is quite short anyway and you don’t lose anything really (most of your concerns are just about hair, which unless you’re an actor or model shouldn’t matter too much). Not a nice feeling to see everyone else higher rank than you, but in the end whatever you choose is fine",neutral,supportive
m8oeu8a_1,comment,NationalServiceSG,C,planning to sign on,5sir? A lot of my peers are also planning to sign on or extending contract as well.,committed,supportive
dohe9s2_0,comment,singapore,U,smoke,"to be precise, BMT, where u can only smoke 1ce a day

thanks, with gods help ill conquer this terrible affliction",neutral,neutral
nw5nfuq_0,comment,NationalServiceSG,C,worth it,"Since everyone has already gotten the positive stuff out of the way I'm gonna be the negative one just because I feel you should atleast be somewhat prepared for the worst case scenario (as someone in a similar boat who didn't have the best time)

Yes Singaporeans in general can be pretty kind but the same can be said for most countries, you should still expect the more than occasional closed minded or ""true blue"" mindset people, especially when dealing with some of the older regulars. And for those genuinely nice people, you will never be able to escape the ""amgmoh"" label no matter how hard you try (even after a year of telling people I'm Singapoean since birth and changing my accent to fit in, people still think I'm American just because my natural accent is/was Americanised)

Which brings me to my last point, sure it's good to pick up our culture and everything but please don't try changing your accent just to fit in/please the others because it really isn't worth it. The ones who don't accept us never will no matter how hard we try and you will regret it once you ORD (I miss my old accent and wish I never tried to change it because my English speaking is Lowkey horrendous now)

Ik this is all pretty negative but I don't want you to go in after seeing all the other nice comments and get disappointed like I was (especially since the international enlistment window has closed so you're likely getting thrown in the deep end with a 99% Singaporean JC batch)

If you have other questions feel free to PM me and I wish you the best going in",neutral,neutral
kegjr7z_0,comment,singapore,C,worth it,I still keep it all even though I have AIA as well covering all that. I just want to make sure that it is still worth it to hold on to my MINDEF plans.,neutral,neutral
hlvvwki_0,comment,NationalServiceSG,C,worth it,"Just look at how medical personnel are being treated during the pandemic thus far, u think its really worth it to save this nation? Im srry but i agree that some deserve to die literally",uncommitted,critical
jo7amnj_4,comment,NationalServiceSG,C,worth it,See your SM. Ur SM nice then shiok if not jus ooc not worth it fck SM6.,uncommitted,critical
g8sf293_4,comment,NationalServiceSG,U,not worth it,Bro its not worth it. Ive been there and was so close to going back bmt for pes fit after up pesing.,uncommitted,neutral
l70b1of_2,comment,askSingapore,U,smoke,"Mind you, I'm not one of those smokers that 'die' if never smoke. Even during ns I didn't smoke until end of bmt phase cos stress and loads of outfield lol. Then after ns, I smoke occasionally but not everyday. I then realised why I smoke since I got no stress and all and then I 'officially' quit.",neutral,neutral
cyhi0vo_0,comment,singapore,U,waste of time,"What i missed
- That carefree unit life (was lucky to be posted to a live ops unit - we did very little) 
- That cookhouse food (I actually like it, don't understand why people go to canteen all the time)
- That PSP monster hunter and pro evo soccer
- That fit younger self that almost got gold for IPPT
- Army friends of mine 

What I don't miss
- That terrible BMT when I got ~40C fever and threw up 
- That bureaucracy and waste of time as a result
- That conformity forced upon you",uncommitted,critical
ktpcj8k_0,comment,NationalServiceSG,U,not worth it,not worth it bro,uncommitted,neutral
e02wwec_1,comment,singapore,U,keng,"For the 1st year I pretty much slacked and kenged through BMT and unit life. The 2nd year I stopped trying to keng, went for course and got best in course, took over someone else's appointment during ATEC and in general just did what I was told with a bit extra here and there though never too much.",committed,neutral
liosi3x_0,comment,NationalServiceSG,U,smoke,Tbh before i do my statics i’ll smoke 2 sticks and have 1 redbull,neutral,neutral
iegoi1w_0,comment,singapore,U,ord mood,i still gt 1 whole month of leave n off haven clear. still got medical stuff. so acheli if my understudy faster cum i can ord mood 3-4mth in advance liao.,uncommitted,neutral
guo2bg0_0,comment,singapore,C,worth it,"Some people might recommend going AWOL, which to me isn’t worth it especially since you have served so much anyway. If you leave the country, there is actually a record in the discipline system that your unit’s manpower clerk can access anytime (edit: i should mention that this includes going on overseas leave, and even extends to before you even enlist).",neutral,neutral
fdppil2_0,comment,singapore,U,waste of time,&gt; reservist was just basically a chalet and a waste of time. Exactly.,uncommitted,critical
d06qffz_0,comment,singapore,U,smoke,"wah I enlisted in eagle in 2006 sia, don't remember already. I don't smoke leh, so the breaks didn't matter to me. and no canteen breaks and all was good coz I lost like 27kgs haha",neutral,neutral
mhgou8b_0,comment,NationalServiceSG,U,waste time,Depends. Waste time?,neutral,neutral
18xw9dt_0,submission,NationalServiceSG,C,worth it,Infantry officer worth it?. I’m an NSF currently in OCS pro-term for infantry.,neutral,neutral
hx9qui8_0,comment,askSingapore,U,chao keng,Already spend time and effort to go down still want to chao keng on fasting.,neutral,neutral
m5m4b44_0,comment,NationalServiceSG,U,smoke,Depends on unit but you either get to experience one of the worst living conditions you can get in sg or a microsociety to get a taste of working life. I learnt how to smoke my superiors and work which have been helping me quite a bit so far,uncommitted,critical
ij917aw_0,comment,NationalServiceSG,C,worth it,Wow I guess the difficulty to match really is worth it,neutral,neutral
jj6trxb_5,comment,NationalServiceSG,U,waste of time,"Consider this:

How do you define waste of time? Do you have much more valuable and productive use of your time in other things?",neutral,neutral
cyevqmm_0,comment,singapore,U,chao keng,"Please, true chao keng masters would not even face the problem of having to complete any stations. Source: Got exempted from NAPFA before.",uncommitted,neutral
1kerzue_0,submission,NationalServiceSG,C,love ns,Boy don't i love NS in the big 2025 🥀🥀🥀,neutral,neutral
kf8ptk1_0,comment,NationalServiceSG,U,keng,"2 years keng and you serve an additional 12 months according to what you typed, not 36 months. Like I told you, the majority does not serve asNS, so obviously they would continue voting in the current party.",uncommitted,neutral
hw1e6cl_0,comment,NationalServiceSG,U,smoke,Smoke at night lor,neutral,neutral
ls141gh_0,comment,NationalServiceSG,U,keng,"The kind of unit literally keng also no point, might as well do a bit of work to make the long weekends mean smth",committed,neutral
jkda8s2_0,comment,NationalServiceSG,C,brotherhood,Brotherhood of the infantry,neutral,neutral
dvvsqvw_1,comment,singapore,U,chao keng,"So I won't complain about the regimentation (even tho it's fuking annoying). In fact, learning how to discipline myself to be on time, not chao keng in tough times, take ownership and responsibilities in things I do, are one of few things I gain from NS that I feel can bring to adulthood.",committed,supportive
hr1hu3v_0,comment,NationalServiceSG,U,smoke,I brought half carton but smoke finish lucky Sgt help the coy smokers to buy ahhaha,neutral,neutral
cqxvk8s_0,comment,singapore,U,chao keng,"I hate it when I get migraines on Mondays/after long weekends because I feel like people will think I'm trying to chao keng when the reality is that I'm basically curled up in pain all day, wondering what on earth did I do to deserve such horrible migraines.",neutral,neutral
l4qq6o9_0,comment,NationalServiceSG,C,worth it,Because at the end of the day it's still worth it to the country. Paying peanuts for trainers to train trainees to become trainers.,neutral,critical
ks7qev9_0,comment,NationalServiceSG,U,sian,Less sian when u go unit but still will be sian. Just tahan,neutral,neutral
lpnp9gc_2,comment,NationalServiceSG,U,wayang,"Easiest way to make more money, Wayang your way to CFC. In all seriousness, nowadays pay quite high already.",neutral,neutral
np4ihrd_0,comment,singapore,U,wayang,"Nothing wrong checking prices that's called savvy not cheapo. I went to Watsons saw 1 for 1 I oso check shopee n lazada, end up shopee cheaper by abit BUT min order 3. So just buy from Watsons. Nowadays all these ""expo"" , ""special"" at physical store sale all wayang one,  only consideration and reason to go is to see got what additional free gifts or if u urgently need it u can grab it asap and save on delivery fees.",neutral,neutral
ljzia1c_3,comment,NationalServiceSG,C,planning to sign on,"Felt the same when I got my enlistment letter, maybe not so much FOMO but had a strong interest in military stuff and the chiongsua, even was planning to sign on if I liked it. Since I was already in I decided to take up the challenge to be a firefighter.",committed,supportive
kgdoo4h_0,comment,NationalServiceSG,C,worth it,"confinement, fieldcamp, dont worry bro it may be hard just tahan and it’ll be worth it",committed,supportive
lbtp1k1_1,comment,NationalServiceSG,U,not worth it,"Short answer: no, it's not worth it

Long ass answer:

If you have a passion, it's fine to sign on. If you're in for the money, please don't cuz you will regret it.",uncommitted,neutral
teks05_8,submission,NationalServiceSG,U,hate ns,I hate NS so much tbh how do I go on from here?. I enlisted in the first week of this year together with most of my friends.,uncommitted,critical
i9sq6uk_0,comment,NationalServiceSG,C,duty to serve,"as you said, its an allowance. you are not being paid to serve the nation. it is your duty to serve the nation for free. the allowance is so you can offset your expenses while serving the nation.",committed,supportive
i74fdjf_0,comment,NationalServiceSG,U,keng,"want to keng, keng properly. get diagnosed via a psychiatrist. if money is an issue then do it aft you enlist.",uncommitted,neutral
m9c9ckr_4,comment,NationalServiceSG,C,brotherhood,All your points are nonsensical bullshit points. What friendship what brotherhood.,neutral,neutral
imhh5if_0,comment,NationalServiceSG,U,waste of 2,"Yeah, I feel like the only reason people have a problem with it is because what schooling did to serve Singapore actually benefited him, which just shows what people actually think NS should be (and in most cases is). A complete waste of 2 years that you should get nothing out of in service of your country.",uncommitted,critical
kcm81jl_0,comment,NationalServiceSG,U,ord liao,"Last week of BMT, I just spam buy at least :

- Small : x5 set of 5
- Medium : x8 set of 5
- Large : x4 set of 5

At Pasir Ris, Cus they were quite cheap($1 per set). ORD Liao still got some leftovers, just nice for ICT.",neutral,neutral
jlsvrqw_0,comment,NationalServiceSG,C,worth it,"Honestly, the main reason why i want to up pes is cuz im confident in my ippt and i have been getting consistent ippt gold scoring. Do you think its worth it for the ippt bonus?",neutral,neutral
hjy3m0c_0,comment,NationalServiceSG,U,not worth it,"go commando for fuck? honestly unless u are v xiong and want to sign on, going to commandos is not worth it compared to what u can have somewhere else in the SAF

sure commando pay is good(around $1k+ iirc) but u can match it with 3sg/2LT pay.",uncommitted,neutral
kxvdnig_1,comment,NationalServiceSG,C,worth it,"for me, on the outside i seem like a pussy, but honestly i just couldnt be bothered dealing with their shit (though so many times they force it physically) i just laugh it away, aint worth it. bmt over already, move on.",neutral,neutral
kg93czo_0,comment,NationalServiceSG,C,worth it,Stayout got its pros and cons la legit depends on you if its worth it or not,neutral,neutral
fghht0h_0,comment,singapore,U,sian,"Have to go back to camp to clear up some investigation bs that should have concluded months ago before I ord... Damn sian, don't want to reply wahaha. At least I get to see my fav emart aunties tho",neutral,neutral
m6kf5ed_0,comment,NationalServiceSG,U,keng,"If you’re a normal soldier, don’t keng, arent fucked up, do shit properly, your CSM/OC will be more than happy to help you get offs even if not enough. Just play ball a bit and suck their cock a bit (figuratively and/or literally - up to your ability)",neutral,neutral
koui2v3_0,comment,NationalServiceSG,U,not worth it,"pay is not bad for ns standard, but it's still horrendous for essentially risking your life. not worth it. that said, not like we have a choice, and it's not like we can pick our vocations.",uncommitted,critical
vf9g7v_7,submission,NationalServiceSG,C,worth it,Family bickering &amp; is life worth it???. I really wish to go back to my old life before enlistment.,neutral,neutral
jo7amnj_13,comment,NationalServiceSG,C,worth it,See your SM. Ur SM nice then shiok if not jus ooc not worth it fck SM6.,uncommitted,neutral
hnp393q_0,comment,NationalServiceSG,U,sian,Yeah had to have a cast on for 6 months then a wrist brace for 3-6 months😅 damn sian. Tot since gg to spend 2 years then wanted to do smtg abit more atas and once in a lifetime. Then this thing happen haiya,neutral,neutral
t3efda_1,submission,NationalServiceSG,C,i plan to sign on,"Thinking about signing on SPF. im currently an NSF in the SAF but with 5ish months left to ORD, im starting to plan for the future. I plan to sign on as a direct entry sgt and im interesting in pursuing in the GRF. Im someone who prefers hands on work and i enjoy interacting with public (cuz of a previous job in tourism sector) and based on the advice of a family member currently in the force, he said that GRF is the best field to gain experience.",committed,supportive
j9nscaq_0,comment,NationalServiceSG,U,keng,Even more reason to Keng then? Only do the same amount of work that nsfs are worth for in their eyes? 8% gst and rising costs still say no need to change,uncommitted,critical
liol57t_6,comment,NationalServiceSG,U,waste of time,"New b4 recruit here, about 3 more weeks to BMT grad. I definitely feel it's a waste of time.",uncommitted,critical
n3dqrds_0,comment,NationalServiceSG,U,keng,"Sigh… I guess that might be it but it doesn’t help that many people
Think I am trying to Keng. All the more I want to go back and show I’m ok, I’m js afraid I’ll kena downpes.",committed,neutral
heyt8y1_0,comment,singapore,U,waste time,"I know this may get downvoted but i don't care...


Guys, Go vs Python? Also any good way to learn Go that is not boring? I have googled some Go Udemy courses but people said not good and advised to read book instead.... well it is not that i don't want to read book, but since Go it is not going to be used for my job, so i think read book waste time, probably requires at least a month to finish. Then why I want to learn Go? I know other two Google's programming languages, so I feel curious with Go.",neutral,neutral
d7uq9ma_1,comment,singapore,U,chao keng,"I hated NS, but the one thing I regret the most is being chao keng and having a very poor attitude during BMT, and not working hard to go to OCS (even though I somehow becoming a spec anyway). If I had known it was that easy to get 3 chevrons, I would have just worked a bit harder to get one bar and a bit more money.",uncommitted,neutral
nhuoxlu_1,comment,NationalServiceSG,C,duty to serve,Who says it's our duty to serve and die for the country? You think we volunteer for the force is it? Will you also do your part to die for the country also?,uncommitted,critical
dxeeupu_0,comment,singapore,U,chao keng,"just report sick in camp to your MO if your fever persists

don't worry ppl wont think you chao keng LOL just show them the thermometer and attendance wise as long as you don't miss any high keys due to your status/mc you are fine, 

even if you do, don't worry, they will just let you retake them/ let you pop without taking them depending on how many high keys you missed. rarely would OC ooc people as it doesn't reflect well on them as they would have to account for you",neutral,neutral
hx5wc5i_2,comment,NationalServiceSG,U,not worth it,"1) relationships if liddat can't stand the test of time, or being away, then sooner or later both of you will break up one. Expect other redditors reply to standard template ""she not worth it, you deserve better"" replies though.",neutral,neutral
kc7csk3_0,comment,NationalServiceSG,U,waste 2,if you wanted to migrate/emigrate you might as well do so before 2 years NS? why waste 2 years then migrate?,uncommitted,critical
ndcu7ve_0,comment,askSingapore,U,chao keng,"If they gave you 1mth of HL, for fks sake, fully utilise it. It's not like you're chao keng or something.",neutral,neutral
la6bxnf_0,comment,askSingapore,U,sian,"im a man so mileage could vary, but i rmbed by 4pm my day has ended, took a quick shower than napped until buddy woke me up to go dinner at 6. then still got time to gym/run and played my 3DS/use phone on bunk bed from 9 until i fell asleep. outfield is only the sian/jarring part where you need to go into ""soldier mode"", but the mental break is something we are grateful for",neutral,neutral
m7etqv1_1,comment,askSingapore,C,worth it,"I think ""worth it"" isn't really the right way to describe it. A lot depends on your unit and fellow NSmen.",neutral,neutral
jzcbl7z_0,comment,NationalServiceSG,C,worth it,Dont awol dude. I know sometimes we dont think straight when we're so depressed. But it isnt worth it.,neutral,neutral
q5hr88_0,submission,NationalServiceSG,U,waste of time,down pes during bmt a waste of time?,neutral,neutral
jtmeok8_4,comment,askSingapore,U,ord lo,"The best evidence of this is the (comedy-not-so-comedy) movie series from Singapore - Ah Boys to Men. Recruit’s Anthem:

From Ah Boys to Men, serving two years

For our nation, our country with blood, sweat and tears

We'll be marching on with pride and glory

Because we love our land and want it to be free

(Steady lah!) From Ah Boys to Men, serving two years

For our nation, our country with blood, sweat and tears

We'll be marching on with pride and glory

From BMT, to POP, to ORD

(ORD lo)


As a boy in Singapore, you gotta do your thing

Step up and serve the country; gotta do your thing

5BX every morning has become a routine

Wonder why I gotta serve once I turn eighteen!",committed,supportive
hzcmvrw_0,comment,NationalServiceSG,U,sian,"Yes. I put I dont want go SCS, still kenna posted to SCS sian sia",neutral,neutral
gw0u1kt_0,comment,singapore,U,waste of time,"An absolute waste of time, considering any meaningfully higher earners where the 3k CPF doesn't even materially move the needle after 10 years of ICT.",uncommitted,critical
k41zxeq_0,comment,singapore,C,defend singapore,"you criticise Australia's approach and defend Singapore's - and yet, Australia pays you more, works you less, and offers you a bigger house. if the Singapore approach is so great and Australia is so crap, why are you being a ""quitter"" (in Goh Chok Tong's immortal words) and living in Australia.",neutral,neutral
g7mjmak_0,comment,NationalServiceSG,U,smoke,"Don't go mess/canteen often, stay in to save on transport fees, don't go club/diu (easy during covid era), try not to smoke/drink so much(vape and contra honestly not that cheap and the fine is disgusting) , look into an investment plans, try to get license from ns that you can use in the future (eg driving licence, the medic license can do part time, MPs have the bouncer license iirc)",neutral,neutral
1bp1ntu_0,submission,NationalServiceSG,U,sian,"How to siam pcc appointment . My second pcc appt is coming soon and I'm legit dreading it af...I know many people have positive experiences with pcc and that most pcc doctors are v nice and that my experience definitely does not represent the typical pcc experience but trust me I have seen my fair share of rude doctors who don't want to do their jobs and this one is truly next level

 Moment i open the door i know i suay cuz his expression identical to bmtc sian recruit,eyes half closed and sighing non stop, during the consultation i kept getting sarcastic remarks thrown at me and he is highkey hinting i am trying to keng even though my condition is legit and anyone who was with me for a year or more can vouch for me...whenever i want to raise a concern i was told curtly to ""answer my question"" and his expression when i am trying to raise my issues is screaming idgaf and it felt like he is trying his best to let me know he wants me to fark off. Throughout the consultation i had to fight back a burning urge to ask ""permission to fk off sir"" which surely will be granted instantly,if anyone witnessed the interaction they would think i owe him money....honestly if i ever need psychological help again I'd rather call my ex...

I will likely be stuck with the same doc so if i conveniently forget about the appt that day but still report to camp will i be considered awol?Or will calling them directly and asking if i can stop coming suffice?And srsly if any of you got upcoming pcc appt better burn incense and pray you get the typical nice pcc doc and not suay to max like me",neutral,critical
n0629cn_1,comment,NationalServiceSG,C,i signed on,I signed on because I needed money a couple of years back. Left after my bond was up.,uncommitted,neutral
j3uih8u_0,comment,NationalServiceSG,C,i plan to sign on,Both actually. OOC due to downpes and after clearing the issue I asked the MO to uppes me as I plan to sign on.,committed,supportive
jfadaw7_0,comment,NationalServiceSG,C,worth it,"Bro no. Just don't, not worth it.",uncommitted,neutral
fi3fkwj_0,comment,NationalServiceSG,U,ns is a waste,"Note: I'm not a NSF / Regular, and will be enlisting in 3-4 years time. I also do not have anything against people who enjoy NS, it's perfectly normal for people to have different opinions (:

Personally, I feel that NS is a waste of time; or at least what it implies here.",uncommitted,critical
h7w1cm4_0,comment,NationalServiceSG,U,counting down,Lol it's okay he gonna seriously enjoy counting down the 500+ days he got,neutral,neutral
i14db0j_6,comment,NationalServiceSG,U,hate ns,"I agree its the stupidest shit ah, but i think abolished is quite extreme. As much as i personally hate NS for all the things it has done to my life (if you just take a quick peak at my comment history you can tell that i have the lowest regard for NS).",neutral,critical
l3omaoc_1,comment,NationalServiceSG,C,i signed on,"i signed on because i was enjoyed my NS experience. I liked working with people and i thought that a career centered around people (not just subordinates, but also my peers) would be fun and meaningful.",committed,supportive
mzvmnvl_0,comment,NationalServiceSG,U,zao,I think those who chiong 5 years finish the bond and zao are the winners. When you leave at 25 years old is still young.,uncommitted,neutral
itax79b_0,comment,NationalServiceSG,C,worth it,Daiso $2.14 slides/slippers man just buy very worth it for the convenience,neutral,neutral
hddphzc_0,comment,NationalServiceSG,C,defend singapore,"A lot of people find it a waste of time: just playing soldier for a country you may or may not defend during an actual war. If we’re to wake up tomorrow with a “Yes” or “No” printed on our foreheads for whether we will actually defend Singapore with our lives, I think most NSFs will get charged with perjury.",neutral,neutral
n3rkd0k_0,comment,NationalServiceSG,C,worth it,"If the MO says that your injury will affect your training and cause long term damage then just OOC, it ain't worth it. If you want to OOC because you don't feel much purpose right now, I recommend against it because you've already gone through so much sh*t and you will probably look at it differently after you commission. On the flip side, if you OOC now you might have regrets when you meet up with your service term bros again after they commission, the feeling is also quite sh*tty.",committed,neutral
1fubbh4_0,submission,NationalServiceSG,C,ns made me,"NS made me rely on caffine. I CANNOT wake up on weekends, my body is too physically and mentally tired to do so loving the infantry life. Cant do shit without coffee fml fml fml",neutral,neutral
vf9g7v_4,submission,NationalServiceSG,C,worth it,Family bickering &amp; is life worth it???. I really wish to go back to my old life before enlistment.,neutral,neutral
eiksule_0,comment,singapore,U,ord lo,ORD LO. wait i mean byeee schooool,neutral,neutral
kg8z8fc_0,comment,NationalServiceSG,U,sian,"Hmm i think because when you wake up at 0500 in camp, your day is planned. Just need to be brain dead and follow only lol

After ORD we're on our own, have to settle things by ourselves hence the 'sian' factor even if wake up a little later",neutral,neutral
gywiqr3_0,comment,singapore,U,sian,"Wa that sounds damn sian. The best part of ICT, at least for me, is meeting up with mates from NS, and ~~selling them insurance~~^/s catching up over meals during nights out.",neutral,neutral
nb9mjbo_3,comment,NationalServiceSG,C,worth it,"It's not about you individually whether you are ""worth it"", it's about accounting. Just like everything in the government, the unit has a (pretty high) budget.",neutral,neutral
vah0i7_1,submission,NationalServiceSG,C,i signed on,"Are tattoos allowed in RSAF. Hi guys , I signed on to RSAF however I haven’t enlisted .",committed,supportive
lxveuhb_1,comment,askSingapore,C,i signed on,Didn't really care where they went. After that I signed on as sergeant.,committed,supportive
jjn0h4o_8,comment,NationalServiceSG,C,worth it,"If you are pre-enlistee and are trying bulk up for NS, it’s not really worth it cuz you will most likely lose it all during your BMT. That being said, personally for me, there are three main things that you need to focus on if you wanna bulk up: being in calorie surplus, progressive overload and proper rest.",neutral,neutral
cf7cn4p_1,comment,singapore,C,defend singapore,"First and foremost, our NS is not an artificially contrived programme to foster understanding and perform free/community work. It's first formed to serve a real need to defend Singapore when the British pulled out their troops after Independence. Unlike most countries who have professional soldiers, SG has to implement a conscript system much like Taiwan (although to be phased out soon) and Israel.",committed,supportive
f7mkm7d_0,comment,singapore,U,smoke,"After outfield, we were all shag af we wanted to smoke but it was cat 1

We plead with the sgt in the end we all of us smoke together while preparing to bookout
We learned that he was charged 3 extra for it",neutral,neutral
i2xo42h_0,comment,NationalServiceSG,U,chao keng,"It all depends on what you want from your 2 years. You either make most from it and gain from that experience, use it for ur university applications or... you make the worst of it, chao keng alot, downpes get a stay-out vocation, and use that time you have to work on your portfolio.",neutral,neutral
hku2o3u_0,comment,NationalServiceSG,C,worth it,"Not possible but scdf more worth it, you get to really make a difference and learn/do real things that affect people every single day, whereas in the SAF you'll just end up doing tons of saikang, dealing with unreasonable superiors and learning stuff that is practically useless after ORD. Do you know how many people would rather go scdf than SAF?",neutral,critical
kvjg70a_0,comment,NationalServiceSG,C,worth it,bro just ooc get posted to ASA or SA it’ll be worth it,uncommitted,neutral
hy1dscy_0,comment,NationalServiceSG,C,worth it,"KC3 canteen solid af, besides the typical fried icecream, u should try their maggie goreng and nasi padang. super worth it",neutral,neutral
jodzkhl_0,comment,askSingapore,U,sian,"Can also mean I'm not angry, just disappointed, suck thumb. I am 1 point away from getting a pass with incentive for my IPPT, $300 gone. Sian.",neutral,neutral
l9b6nhz_0,comment,askSingapore,U,keng,"Injured my back during gyming, doctor said I’m trying to keng for NS. I ORD-ed a year ago at that time.",neutral,neutral
17565i2_1,submission,askSingapore,U,ord lo,I need some advice about my life decisions .... realtor ?. Some background context - 24/M recently ORD lo.,neutral,neutral
lx9qfjr_0,comment,askSingapore,U,waste 2,"Cant believe 30+ year old men still need to waste 2 weeks of their life away every year by staying in shitty and dusty crap bunk without aircon and eating shitty cookhouse food. Colleagues lament about needing to cover for you, come back from ICT got shitload of work to do. Something is very wrong with MINDEF brain.",uncommitted,critical
d70qc3p_0,comment,singapore,U,ord lo,give in to what? go to work then go to sleep then 2 years later ord lo. don't prove your father right la,neutral,neutral
i35s9wu_0,comment,NationalServiceSG,C,ns taught me,"That part about quarrel is so true many times in my unit i seen my enciks abusing their power like even small things he will make it to the biggest issue and one day my senior just strait up tell him ""encik enough already i had enough its just a small problem stop bullying the new posted in guys"" and that from that day on my encik stopped harassing the new guys sometimes you just need to tell them to fuck off for real.ns also taught me that sometimes when you are too nice people will treat you like a punching bag most important thing that ns taught me is standing up for myself too",neutral,neutral
mktb3am_0,comment,NationalServiceSG,U,wayang,Depends how wayang you are I guess.. I was in army and didn’t declare and hid it. Only halfway through command school then they found out.,neutral,neutral
g6inwk1_1,comment,singapore,C,i signed on,"Enlisted NS and had a hard thought about the reality of the working world. Signed on thereafter and shortly after I signed on, UniSIM opened applications.",committed,neutral
ibie8h4_0,comment,askSingapore,U,counting down,"I'm so, so close to ORD. Counting down the days no longer feel like an exercise in insanity.",neutral,neutral
jo7amnj_5,comment,NationalServiceSG,C,worth it,See your SM. Ur SM nice then shiok if not jus ooc not worth it fck SM6.,uncommitted,neutral
i0l1ce_15,submission,NationalServiceSG,U,ns is a waste,NS is a waste of time (my views). Ns is a total waste of time and brings about more cons than pros for us sons of Singapore.,uncommitted,critical
mme3aow_0,comment,NationalServiceSG,U,not worth it,not worth it bro don't do it,neutral,neutral
iwt6tr6_0,comment,NationalServiceSG,C,national duty,Reading makes me sad.. heroes abroad fighting for their country.. cosplayers being looked down upon for a national duty,neutral,neutral
de0k5hh_0,comment,singapore,C,worth it,"You'll need good fitness, maybe even cdo gold standard, and even then you're pretty far down on the Peking order. In the end, HQ 9 Div would be the one to submit your name to the course conductor, and they'll hear back for you if you get it. I think it's worth it, so long as you don't mind burning some Offs and leave to convince your encik to let you go.",neutral,neutral
mfw0nl9_2,comment,askSingapore,C,defend singapore,"I know a lot of us  aren't very patriotic and a lot of redditors in particular seem to be quite cynical in regards to this topic about taking up arms to defend Singapore, a lot of people share this sentiment that the first sign of conflict, they are migrating out. at the same time there is a large very patriotic population of Singapore.",neutral,neutral
hzb3krd_2,comment,NationalServiceSG,U,keng,"b4 i start my essay i must first preface it by saying i do not support ck when done unethically and u make the lives of other NSFs harder

like everything there are many types of keng and such many different types of kengsters so let me dive into some CK Lore. reasearch and my own opinion shows that CK originates not from some selfish, evil place but purely from adopting a completely rational, self interested mindest towards life and thus NS.",neutral,neutral
h5q34uo_0,comment,singapore,U,pointless,"It's gonna be bloody boring listening to safety briefings and all the rules that seem pointless... But all safety rules are written in blood. My longer answer for ""make the most of it"" is to keep in mind that you'll be surrounded by people who don't want to be serving NS, and will accordingly give zero fucks.",neutral,neutral
dx686nd_0,comment,singapore,U,smoke,"jc kids who have been through bmt, how many of your bunkmates take smoke breaks? considering whether i should bring in a few packs or not, but if im literally the only one in my bunk that smoke then must as well just sua and save money control myself",neutral,neutral
nlxqj99_0,comment,NationalServiceSG,C,worth it,"i’m gonna be real, it’s not about whether you want CDO or not it’s about whether CDO wants you. I know people that went for the vocational assessment put max interest only to not get in and on the flip side i also know people who indicated the least interest and still got sent to CDO anyways. I won’t comment on whether the additional difficulty is worth it, but if you do get sent there in the end go make the most of the opportunity given at the end of the day whether it’s a fulfilling journey or not it’s up to you to decide and most of the time it comes down to your perspective.",committed,neutral
fs2i7he_0,comment,NationalServiceSG,U,wayang,"As others have said, don't wayang in the quiz. Is NS is not compulsory, I probably wouldn't go, but I'm guess I'm happy I have because it's two years of no academic stress. And being in college/work during COVID 19 isn't that much fun",uncommitted,neutral
l7tmfc4_0,comment,NationalServiceSG,U,keng,wanna keng js keng dont have to yap,neutral,neutral
cpelpm8_0,comment,singapore,U,ord lo,"I'd rather get my pink IC asap than not having to book in to camp for 4 days. By the way, ORD lo! XD",uncommitted,neutral
jb4begm_0,comment,singapore,C,defend singapore,"The entire point of NS was to ensure that Singaporeans will defend Singapore, and that we will never again rely on another foreign power (the British back then) to defend us. We still hold onto the lessons from the Japanese Occupation and I think any politician who will suggest this is just asking to be lynched.",committed,supportive
ls0url4_0,comment,NationalServiceSG,U,waste time,cfm won’t kena la why need waste time defer haha,neutral,neutral
furlw5x_12,comment,NationalServiceSG,C,i signed on,It gets better. I signed on and I'm currently at BMT.,committed,supportive
hggmm8z_0,comment,singapore,C,defend singapore,not enough to defend singapore. look at our neighbors. even with conscription they outnumber us,neutral,critical
giiseic_0,comment,NationalServiceSG,U,smoke,Smuggle in - if you dare. Smoke at latrine and hope nobody snitches.,neutral,neutral
gt7nnbm_1,comment,NationalServiceSG,U,chao keng,Stop encouraging chao keng actions. I'm being sent everywhere thanks to my peers constantly on status.,neutral,neutral
gg101rj_1,comment,NationalServiceSG,C,i signed on,I was in the same situation as you. I signed on as MIEE and currently in C4I. 1 year has since passed.,committed,neutral
i4z7ilw_0,comment,singapore,U,smoke,"Or as I call it, ""smoke two packs of cigarettes outfield mode""",neutral,neutral
gnelgl6_0,comment,NationalServiceSG,C,worth it,"Magnums are definitely worth it if you are going on frequent outfields. The boots gives impeccable comfort and support to your ankles due to its design. The insides gives a cushiony feeling, and can be further upgraded by using sports insoles and the Altama laces.",neutral,neutral
l4v82wu_0,comment,singapore,U,sian,Honestly would look forward to next ICT if I can to play with these. Every year same shit also sian,uncommitted,critical
ehhg9jb_0,comment,singapore,U,zao,"Want to Ord also need do so much test, sign paperwork, attend talk. Knn want zao also cannot in peace",uncommitted,neutral
eeoe3y7_1,comment,singapore,U,waste of time,"No problem with being CQ, only problem is you pretending your life is as hard as combat troops when you yourself know how slack and a waste of time your NS life was. It's fine to be siao on and steady for everything you do but don't fucking force your mentality onto everyone when it's just NS.",uncommitted,critical
g0ycd2h_0,comment,NationalServiceSG,C,worth it,Omg don’t die it’s not worth it. You will become more successful in the future!!!,neutral,neutral
hcrzegq_0,comment,NationalServiceSG,C,worth it,"Nothing better than Magnum. Buy at emart. Cash only, but 200% worth it",neutral,neutral
lro8nvh_0,comment,NationalServiceSG,U,chao keng,"1. didnt really have that discrimination/ assume chao keng cus genuinely didnt use more then 30days of mc in a year 
2.",committed,neutral
e550e8s_0,comment,singapore,U,wayang,I have not fired a weapon for 10yrs already yet come reservist they still issue me a weapon. So yeah we are just glorified deterrent aka wayang.,uncommitted,critical
jf6f801_0,comment,NationalServiceSG,C,worth it,"Hello i am also a flat footer, wearing Asics Kayano shoe for running.. abit pricey but to save that 2 months i believe is worth it.",neutral,neutral
fzrfuma_2,comment,NationalServiceSG,U,hate ns,Bruh. I fucking hate NS with a passion. Everything related to NS is borderline retarded.,uncommitted,critical
e556vvr_0,comment,singapore,U,chao keng,"Same thing with ns. If nsfs were paid enough for them to see it as a 2 year job with an actual reward system, they'd spend less time trying to chao keng doing bare minimum like people who are paid $7/hr to give out flyers.",uncommitted,critical
i457mpn_0,comment,NationalServiceSG,C,brotherhood,"If u want to take the physical and mental challenge, u can try exercise 1 to 2 hrs everyday to build up ur body and mental resilience first. If u are too bored and u want that brotherhood thing, u can try uppes.",neutral,neutral
jtm5bxj_0,comment,askSingapore,U,wayang,"A foreign worker puts up our NDP flags, how patriotic is that? I'm not even sure what patriotic means in our country, once a year wayang abit thats it

I was part of the NDP comittee for logistics during NS, i'm sure many people having served would remember, but its mostly forced

This country never fostered any ""real patriotism"" if you ask me",uncommitted,critical
j3zrr8x_0,comment,NationalServiceSG,C,worth it,"Worth it, very very worth it. But if your platoon mates or even ur buddy regularly need to help you with your tasks such as clean your weapons for u, tidy ur sleeping area for SBA, polish ur boots for u, etc.. then a bit of problem alr unless ur the kind that fk care everything, let others suffer as long as you yourself not suffering. This 2 years everyone all suffering equally and hate it, having a chaokeng buddy just makes that one guy life in NS even worse.",neutral,neutral
gfj5eba_0,comment,NationalServiceSG,U,sian,"Sian. But rather redo my tekong days than my vocation sia

Tekong at least more fun",uncommitted,neutral
1987123_0,submission,NationalServiceSG,U,sian,"Disrupt or delay uni for 1 year. I'm about to enter uni this year around August, but I'm due to ORD in September so if I were to disrupt I would have about 2 months remaining that I have to pay back to the SAF during the holidays which is kinda Sian considering I have to book in to camp and all. I'm considering if I should disrupt or take a gap year so I matriculate next year. If I disrupt:
- no need to delay for a year
- 2 months to pay back to SAF
- need to start preparing for Uni now considering brainrot and course difficulty. If I delay:
- just one time whack finish then ORD loh, no need to return to camp during hols
- can use the gap year to earn money/prepare/whatever
- more time to prepare for uni
- but my life is delayed 1 year

For those who faced a similar situation, did you disrupt or decide to take a gap year, and what are your opinions on this?",neutral,neutral
mi1xq66_0,comment,NationalServiceSG,U,waste 2,"Well, it's pretty sad that you have to waste 2 years to learn wisdom from enciks and ocs. hahhahhah.",uncommitted,critical
kdlmgo9_0,comment,askSingapore,U,chao keng,"Even worse, you chao keng then your colleagues all need to pick up your slack. They can't even utilize the 14 days MC, meanwhile you use up all your MC still want your employer to give you more when MoM regulations say 14 days MC.",neutral,neutral
n45sawa_2,comment,NationalServiceSG,U,pointless,"I think you’re slightly mistaken. Not sure which SIR he is in, but being in unit is about 10x worse than being in BMT. I’m in a combat unit and BMT was heaven. Naps everyday, commanders can’t do much to us because of the BMTC commanders. But when I was posted to unit I literally had 0 time to take a nap. I was drilled by my Platoon Sergeant every single day to the point of exhaustion, and your mental is shit daily knowing it’s the endless pointless tiring exercise the next day for the entirety of your NS.",neutral,neutral
cftzm5k_0,comment,singapore,U,ord lo,"Hm, I am going to ORD tomorrow (ORD LO). But that's not the point.",neutral,neutral
lbtp1k1_1,comment,NationalServiceSG,C,worth it,"Short answer: no, it's not worth it

Long ass answer:

If you have a passion, it's fine to sign on. If you're in for the money, please don't cuz you will regret it.",uncommitted,neutral
fs831a_0,submission,singapore,C,defend singapore,MINDEF Press Release - SAF Stands Ready to Defend Singapore Amidst Evolving COVID-19 Situation,neutral,neutral
dut8nz7_0,comment,singapore,U,keng,"Even if it takes you 1 year and 6 months it's still worth it. If you really want to enlist, be prepared to do sai kang admin stuff and be bored to death. No amount of mobile games and books will help lol

Source: Have a close friend that keng to PES E with vampire syndrome lul",uncommitted,neutral
ee6id1e_0,comment,singapore,U,sian,"U reservist jurong camp? I didn't know reservist need remove camera, now I feel even more sian that I have to go back this year.",uncommitted,neutral
hszt7z1_0,comment,NationalServiceSG,U,keng,"As long as you have MC, doesnt matter you keng or legit sick. MC is king.",uncommitted,neutral
j4y7rvx_1,comment,askSingapore,U,chao keng,"This was terrible at first, but looking back one of the best decisions in my life). I developed the ""chao keng"" mentality, which in turn became ridiculed because I wasn't putting in my best and my idgaf attitude.",uncommitted,neutral
jisrfx3_0,comment,singapore,C,national duty,"> To ensure the operational readiness of the Singapore Armed Forces and the Home Team, full-time national servicemen (NSFs) need to focus on their national service (NS) duties and training. They are thus not allowed to undertake salaried or contract employment, or run a business while serving their NS

I am not against serving my NS obligation as I acknowledge being fortunate enough to be born in Singapore compared to being born in a third world country. But hanging national duty over our personal livelihood is ridiculous.",neutral,neutral
gfaleiv_0,comment,NationalServiceSG,C,worth it,not worth it,neutral,neutral
g6inwk1_2,comment,singapore,C,i signed on,"Enlisted NS and had a hard thought about the reality of the working world. Signed on thereafter and shortly after I signed on, UniSIM opened applications.",committed,supportive
dnfg3a3_0,comment,singapore,U,ns is a waste,"&gt;I do see some ladies doing ippt though so they just really earned my respect because I'm the type that seriously think ns is a waste of time. i think some of them do it because they have interest in playing a role in the defense force, or they need a scholarship. i may be wrong though",uncommitted,critical
n3xoc05_0,comment,NationalServiceSG,C,worth it,Lol in bmt u buy and hold stocks u hold for 2 weeks not 2 years. That’s how u make money which is worth it in ns,neutral,neutral
1m0z5rx_3,submission,NationalServiceSG,U,keng,"Got injured, want to UpPes and go back to unit, not allowed.. Honestly NS is quite funny. People who want to go back to unit after an injury, are often not allowed. People who want to Keng injury or mental problem always cannot run from unit.",neutral,neutral
gssjaa2_0,comment,NationalServiceSG,C,worth it,"As an Amour Infantry Spec, Please, Do not go for it. I regretted it deeply as it is not worth it at all. Last year ORDed.",neutral,neutral
imcadou_0,comment,NationalServiceSG,C,national duty,"yeah nothing wrong just a selfish shirking of national duty and a criminal offense, no biggie fr",uncommitted,neutral
iloeied_0,comment,singapore,C,defend singapore,"Then this is your job problem. The scope too wide or the pay too low such that you need ""captive"" labour subject to military law or else nobody wants to do it. I'm sorry, NS is to defend Singapore not shitty jobs.",committed,critical
g01n8tl_0,comment,NationalServiceSG,U,waste of time,"Yea sure I can agree with your point that NS is a huge opportunity cost and your company isnt always the brother brother good people that others always make them out to be. Having asshole superiors and coworkers can make your NS life shit, but saying that its a waste of time because theres nothing to do is just a ridiculous statement.",neutral,neutral
n5k2sxs_0,comment,NationalServiceSG,U,not worth it,"Remain as Man rank. Speaking as an NSmen honestly, the promotion is not worth it.",neutral,neutral
ia2mcbm_0,comment,NationalServiceSG,U,wayang,if u wayang harder prob can bump the % from 0 to 100,neutral,neutral
nutcn13_3,comment,NationalServiceSG,C,i signed on,"For me, I detest the rush hour commute and mundane office hour before i signed on. Yes, life as regular sometime no day no night but i enjoyed the experience.",committed,supportive
iyl0yjg_0,comment,NationalServiceSG,U,waste time,"clementi phase fun but waste time. only just live firings, BCCTs, boring lessons, and no pt iirc
8 weeks vry fast one, once u get posted to ur actual camp, then gdluck alr. Just hope u get a good camp",neutral,critical
mqz0kam_0,comment,NationalServiceSG,U,keng,which part did i say i didnt keng? pls enlighten me 🤭🤭,neutral,neutral
i0cp0q1_4,comment,NationalServiceSG,C,ns taught me,ORD LO for 7 months and I have to say NS taught me nothing. It's hard to be happy in NS when you have no right and you have no say as an NSF.,uncommitted,critical
g5xjih6_1,comment,singapore,C,defend singapore,"- Aligning with Europe: 
  - [Singapore’s first new submarine christened at Thyssenkrupp (German) shipyard, FEB 19, 2019](https://www.defensenews.com/global/asia-pacific/2019/02/19/singapores-first-new-submarine-christened-at-thyssenkrupp-shipyard/)
  - [RSN commissions final 3 of 8 littoral mission vessels (built in collaboration with SAAB, a Swedish company) to defend Singapore's waters, JAN 31, 2020](https://www.straitstimes.com/singapore/rsn-commissions-final-3-of-8-littoral-mission-vessels-to-defend-singapores-waters)
  - [EU-Singapore FTA entered into force 21 November 2019](https://ec.europa.eu/trade/policy/in-focus/eu-singapore-agreement/)
  - And of course, we chose Nokia and Ericsson for our 5G network. Personally I think tighter integration with the EU is an excellent move. By integrating tightly with the EU, e.g. inviting European companies to settle here, becoming major importers of European products etc, we're making it so if either the US or China pokes us, they'd effectively poke Europe. Neither China nor the US can afford to piss the EU off.",neutral,neutral
dyb5dhr_0,comment,singapore,U,keng,U post unit then keng. BMT not worth to keng u get ur rank first then keng if not you wont get much pay,uncommitted,neutral
hjsjry4_0,comment,NationalServiceSG,C,worth it,"I always ask my men whether they chiong sua 2 years then end up with lifelong injury worth it or not. Think of your future man, NS ain't everything.",uncommitted,critical
jibjn2t_0,comment,NationalServiceSG,C,worth it,"Depends on what is your definition of ""worth it"" is. If you want to develop character, resilience and develop your leadership skills, both Command schools provide ample opportunities for you to develop them.",committed,supportive
dx603pt_0,comment,singapore,C,worth it,"Yeah I was talking more about those guys trying to squeeze their way into fit-intake to avoid the extra 2 months. Definitely worth it if you can push yourself into the middle of the pack, but if like me you *barely* make it to silver, that extra 2 months will definitely be more bearable than 9 weeks of BMT hell where you realize just how physically shit you are compared to other people.",neutral,neutral
hx5wc5i_4,comment,NationalServiceSG,C,worth it,"1) relationships if liddat can't stand the test of time, or being away, then sooner or later both of you will break up one. Expect other redditors reply to standard template ""she not worth it, you deserve better"" replies though.",neutral,neutral
ldmr3fb_1,comment,singapore,U,waste of time,"ICT is such a waste of time. Especially high key or forced to stay in, when activities are done go home to join your family.",uncommitted,critical
k67zi4u_0,comment,NationalServiceSG,C,worth it,"Yup, although the walk between the bus stops is an uphill walk I think it’s kinda worth it",neutral,neutral
kiuuhhu_2,comment,NationalServiceSG,C,worth it,"It'll definitely be tougher. I know a guy who went from Kranji and POP'd, then ReBMT, and went to OCS, so depending on how your son is, it might very well be worth it.",neutral,neutral
hddphzc_0,comment,NationalServiceSG,U,waste of time,"A lot of people find it a waste of time: just playing soldier for a country you may or may not defend during an actual war. If we’re to wake up tomorrow with a “Yes” or “No” printed on our foreheads for whether we will actually defend Singapore with our lives, I think most NSFs will get charged with perjury.",uncommitted,neutral
ek5ypvr_1,comment,singapore,C,ns made me,"going to ORD in 4 months. if anything, NS made me and my gf closer than ever.",neutral,neutral
lzt5tn2_1,comment,NationalServiceSG,U,wayang,"NS is another wayang to show our neighbour that we are ready to fight but the actual fact is Singaporean never seen conflict in their entire life. Therefore, we has no experience and has no idea how to handle the situation if one day this will happen.",neutral,critical
fccz4mr_0,comment,singapore,U,ord lo,"POP lo

ORD lo

ROD lo",neutral,neutral
furlw5x_4,comment,NationalServiceSG,C,i signed on,It gets better. I signed on and I'm currently at BMT.,committed,supportive
e0gk5gp_0,comment,singapore,U,sian,ICT over back to work.. 1 word SIAN,neutral,neutral
cwkcjcn_0,comment,singapore,C,worth it,Don't let anyone tell you otherwise (e.g. To chao keng. It's really not worth it),committed,neutral
lzi9rck_0,comment,NationalServiceSG,U,waste of time,"Definitely is a waste of time when you have a career and family to juggle by then, plus if you fail IPPT next time you have to find time out of work to do extra PT training. If you are a boss or employer you wouldn't hire an NSman with so much liabilities am I right ? That's the sentiment towards us if we have to always go back",uncommitted,critical
e055am2_0,comment,singapore,C,worth it,"Sign on as WOSPEC = idiot 

Commandos is not worth it, storeman/clerk most worth

sauce : was a CDO fighter, ORDed long ago",uncommitted,neutral
dhg1sr5_0,comment,singapore,U,ord lo,to the scs cadets yesterday doing route march around 8pm at the 300 and 100m ranges.. sorry for shouting ord lo but i'm finally done with atec2 i cannot describe my happiness after the bullshit outfield,neutral,neutral
1dmppp5_1,submission,NationalServiceSG,C,ns made me,NS made me feel super useless. Everyone has felt this way.,neutral,critical
nr21kjs_1,comment,NationalServiceSG,U,waste time,No need to type grandma/pa stories. Waste time is waste time.,neutral,neutral
igeeuna_0,comment,NationalServiceSG,U,smoke,"Poker card, smoke in toilet, use phone play casino together, bet soccer and watch soccer tgt after lights out",neutral,neutral
j2lqbdp_0,comment,singapore,C,defend singapore,"Dear Janice, we have noted your willingness to shoulder the (national) burden of caregiving (service). Please report to NUH on 3rd Jan 0830hrs in full overalls for your 2-year National Service as a healthcare recruit, which will prepare you sufficiently to defend Singapore against an aging population.",neutral,neutral
nv6pd5k_4,comment,NationalServiceSG,U,waste time,Entirely based on personal opinion. Not every NSF look at their 2 years serving the country as a “job” or what many say “waste time”.,committed,supportive
gckfy9p_0,comment,singapore,U,wayang,The sad part is that all this overtime isn't productive. Just wayang in front of boss because of face.,uncommitted,neutral
fvyw33t_0,comment,NationalServiceSG,C,worth it,"currently in SCS pro term! i would say go to SCS, it’ll be more worth it at the end of your 2 years.",committed,supportive
edlkmtt_0,comment,singapore,U,ord lo,"ORD lo, and I'm already overslept for my HOTO lol",uncommitted,neutral
1g46b0m_0,submission,NationalServiceSG,C,i want to sign on,I want to sign on but I have t2d 🥲,committed,neutral
m4y7xxf_1,comment,askSingapore,C,worth it,Just be a man serve your reservist like everybody else. Not worth it trying to find ways to escape it.,committed,neutral
n49canr_0,comment,NationalServiceSG,U,waste 2,"I am a Singaporean here and yes I also have plans to migrate in the future. Your case seems to be a bit trickier but since you are fully Malaysian and don't have roots and relationships to SG, wouldn't getting Ur education in Malaysia and working your way to migration to AU be safer and better since U will most likely be charged pretty harshly being a defaulter. Truth is many Singaporeans wish they can migrate but have to be stuck doing NS just because sits out nationality and birth citizenship... If I am a foreigner or don't have much ties to sg I certainly wouldn't waste 2 years doing NS... But right now I am following the standard path and slowly paving the migration way after NS hopefully",uncommitted,critical
m55lbnv_0,comment,NationalServiceSG,U,chao keng,That's why most people chao keng during NS because they already knew all efforts and hard work would go down the drain. Only unenlightened people are garang and hardworking,uncommitted,critical
hjoz4ek_1,comment,NationalServiceSG,C,i signed on,I was a former regular and I signed on largely to fund my studies. Picked up the bad habit on deferment of thought and ended up suffering from severe passive thinking.,neutral,neutral
led3ay2_1,comment,askSingapore,U,chao keng,"As long as they are not the kind of toxic ""chao keng"" malingerer, and maintain a sense of professionalism in their work to deliver what is required. Cause we work in a team, where everyone need to do their job, so that others may do theirs.",neutral,neutral
gbonm61_15,comment,NationalServiceSG,C,worth it,1) It's a tough vocation but very worth it imo. Not alot of ppl are gonna experience what you had/have when u become a FF.,committed,supportive
k9uz9vm_1,comment,NationalServiceSG,U,chao keng,"Bloody gu niang! Benefited since you were a tobbler and now when it's time for you to serve, you want to chao keng?!",neutral,neutral
nfi799d_0,comment,askSingapore,C,worth it,The extra 2 months is worth it. It's overall less tiring with more time spread out for BMT.,neutral,neutral
k6j6g0r_2,comment,NationalServiceSG,U,chao keng,"Hey man, don't be afraid to see the doctor or to seek help. It's hard when they think you chao keng when you have a legitimate difficulty/struggle however just know that saying goodbye now would honestly be heartbreaking for anyone close to you as well as anyone sane on this reddit.",neutral,neutral
e539esy_0,comment,singapore,U,chao keng,chao keng yesterday and took 1 day mc but legit sick now. is this karma?,uncommitted,neutral
ntzt0nd_2,comment,NationalServiceSG,U,smoke,"Here’s the thing. For non-combat roles, you always have some sort of freedom - doesn’t matter how difficult your excel spreadsheet is, or how many forms you have to shuffle back and forth between all the other parties, if you want to go out the office for a while, go for a smoke break, go canteen break, you are more or less free to do as you please.",neutral,neutral
iuq7bh2_0,comment,NationalServiceSG,U,ord mood,storeman here with 544 days left and i ord mood alrdy HAHAHA wgt storeman leads the way ya~~,uncommitted,neutral
xzeti4_0,submission,NationalServiceSG,U,ord mood,when should i start to hoto my stuff to my understudy and ORD MOOD,uncommitted,neutral
dy1qk7a_0,comment,singapore,U,chao keng,"Move along everyone, just another chao keng recruit.",neutral,neutral
jhl830z_0,comment,NationalServiceSG,U,sian,"It’s not compulsory. Just don’t apply for disruption. Though i feel it’s kinda sian to lag by a year cause of ns, but it’s your choice ig",neutral,neutral
ia68os4_0,comment,singapore,U,ord mood,Naaaise. ORD mood liao!,neutral,neutral
h8wwpdi_0,comment,singapore,U,keng,"LOL 

During reservist we are chilling almost all the time, people are gambling and drinking at night, smoking in bunk and toilet, we still have cleaners who keep the general areas clean, and we get to book out anytime for ""valid reasons"". You can keng some nonsense and get excused this and that.",uncommitted,neutral
fjfi5go_0,comment,singapore,U,keng,Extend ORD is bull shit. Probably just to scare u guys from trying to get a 14 day quarantine to keng,neutral,neutral
1kjhrai_0,submission,NationalServiceSG,C,love ns,Boy don't i love NS in the big 2025 🥀🥀🥀,neutral,neutral
dm09r61_0,comment,singapore,U,ord lo,"I throw my hands up in the air sometimes
Saying A0
ORD lo",neutral,neutral
fus1p58_1,comment,NationalServiceSG,C,meaningful experience,"I guess it’s quite easy to be swayed and follow the general crowd of wanting to go to command school but it really isn’t the thing that defines a meaningful experience. If you didn’t really have much of a leadership experience prior to NS, it could be good to take this plunge of becoming a commander, a decent opportunity to learn new stuff. But at the end of the day, if wanting to be a leader in this organization is not your thing, it’s fine to not go command school.",neutral,neutral
k2zmvsb_0,comment,NationalServiceSG,U,chao keng,Cope and seethe loser who ask you never Chao Keng earlier L bozo,uncommitted,neutral
i2q0tuw_1,comment,NationalServiceSG,U,pointless,It can be slack or xiong based on where you go. My experience was slack as I was a storeman for a school that trains logistics officers so you can kinda guess how pointless me being in army was.,uncommitted,critical
ipou7k3_0,comment,NationalServiceSG,C,worth it,"Seek help pls, its worth it and it will get better",neutral,neutral
gzufkiy_0,comment,singapore,U,chao keng,Company deemed that I purposely chao keng during CNY - and gave me a damn bad performance review that year despite me having tonnes of customer compliments over the years with the company. Left that shithole once my contract was up. Hint: This local company \[in crisis now\] is notorious for punishing employees for taking MC - so much so that most employees will go to work even when they are sick.,neutral,neutral
r0tc67_1,submission,NationalServiceSG,C,defend singapore,Will you defend Singapore?. It is no secret that a conscripted army will generally be less loyal.,uncommitted,critical
186a2iu_1,submission,NationalServiceSG,U,sian,"How to stop this sian feeling?. Context: 2nd year soldier soon and I still find every aspect of military life sian af. There is nothing to look forward to and every coming day feels bad, or even worse than the day I started as a recruit. Everything just feels very monotonous and frankly a big waste of time, and I dislike most of my commanders as well which just makes it worse.",uncommitted,critical
nf0ubku_0,comment,NationalServiceSG,U,keng,"Keng MC first 3 days (need to be 3 days+ , if you not able to get in 1 go just revisit the doctor again)

After 3 days they most likely would just defer you on medical grounds.",uncommitted,neutral
jqdokht_0,comment,NationalServiceSG,U,wayang,"Dont wayang and dont stand out too much if not interested in command school. If they think you are capable, they will make you do more work.",neutral,neutral
mfw0nl9_1,comment,askSingapore,C,defend singapore,"I know a lot of us  aren't very patriotic and a lot of redditors in particular seem to be quite cynical in regards to this topic about taking up arms to defend Singapore, a lot of people share this sentiment that the first sign of conflict, they are migrating out. at the same time there is a large very patriotic population of Singapore.",neutral,neutral
j61plav_1,comment,NationalServiceSG,C,ns made me,NS made me realize I really don't want to stay up till 9:30 or 10:30pm so I switched my strategy to a more long term approach instead of trying to trade. Ended up working very well currently at least.,neutral,neutral
ikeus1l_0,comment,NationalServiceSG,U,keng,I see u are trying really hard to keng. You think you who? Ownself say wanna downpes means downpes ar?,neutral,neutral
1ea5zyp_0,submission,NationalServiceSG,U,waste of time,"Is NDP even worth trying out?. Rn I'm a secondary school cadet in the NDP. I feel like it's a waste of time, should I still continue even tho I have alr invested so much time into it?",neutral,neutral
guolrko_1,comment,NationalServiceSG,C,brotherhood,"Just relax and remember brotherhood. It doesn't matter if you're slow or blur, everyone will help you.",neutral,neutral
dma0dw7_0,comment,singapore,U,waste of time,"Unlike combat fit men, there's no silly IPPT requirement or whatever to cockblock your promotion. It's 100% plus chop that you'll get LCP and CPL after a few months in each rank. PES E is only a waste of time if you choose to rot away doing the bare minimum at work and play games during your free time.",neutral,neutral
k68kkng_0,comment,NationalServiceSG,C,worth it,Idk if its really uncommon but I was police tactical trooper in SPF special Operations command. Had to endure 3 months of hell but high pay and good working hours was worth it. Feel free to AMA.,neutral,neutral
e3geqxf_0,comment,singapore,U,pointless,"as someone who never got the opportunity to clear off all his leaves because of wallaby and ord parade in the exact same order as you, let me tell you - it's a pointless battle. We settled this by being granted leave officially but we were still in camp when we needed to.",neutral,critical
hiqnxgu_0,comment,NationalServiceSG,U,waste of time,BMT outfield is the most waste of time thing. It’s not rlly that fucked up compared to what I’ve seen in the 2 years(wadio) just hope it doesn’t rain it makes it 10 times worse but u come to accept it in the end,uncommitted,critical
dg0vwql_0,comment,singapore,C,worth it,Know one person was went through Commando BMT. It's hell but he said the bond he formed with his mates was worth it.,committed,supportive
i8f1l7e_0,comment,NationalServiceSG,C,worth it,"I mean I've always been physically fit. Before I got down pes to C9, I used to get Gold so I dunno, Kinda feel like it's worth it but also now kinda split on the choice lmao",neutral,neutral
1dun83q_1,submission,NationalServiceSG,C,worth it,SCS worth it? with a relationship.,neutral,neutral
cnkfsao_0,comment,singapore,U,chao keng,&gt; if i was really a chao keng soldier i wouldn't even be here. hmm why? That doesn't even make any sense.,neutral,neutral
dgzyvjc_0,comment,singapore,C,worth it,"Hope the 25 mmr was worth it lul. Shit happens man, my mom can't understand why I can't just pause the game and go eat dinner etc. Maybe surprise her at the airport with flowers when she comes back to make it up to her or something",neutral,neutral
gcjzcgm_0,comment,singapore,U,ord lo,Spent one day extra at Frankfurt all compensated by my insurance. ORD LO. Best present given from SAF.,neutral,supportive
m6v314k_0,comment,NationalServiceSG,C,worth it,"Honestly since ur in alrdy i would think u should just continue and then finish ur 2 years, if working here is worth it for u (i think it is), however ur 2 years could be a break for u as well if u get posted to a non combat role/stayout role",committed,supportive
gnivump_0,comment,NationalServiceSG,C,worth it,"Definitely worth it, very light and comfortable. If your unit indent for you then huat",neutral,neutral
ele2oqz_2,comment,NationalServiceSG,C,worth it,Hey man I understand where you're coming from but it is not worth it to keng and down PES. I was from the obese batch BMT ( 5 months ) and now PES B1 but I was posted to driver.,committed,neutral
hbfdq4_2,submission,NationalServiceSG,U,waste of time,"Feeling confused because of PES E9. Thoughts of up-PESing.. I'm 1 week into PES E9 BMT at BMTC V and to be honest, it's a waste of time.",committed,neutral
m5nsms4_0,comment,askSingapore,U,waste time,"Just go checkup first, and if theres anyth substantial, get the memo, then enlist first and tell ur sgt u want to pass memo and pass the memo to the medical officer

make sure the memo clearly states ur condition and what excuses u need and if relevant to downpes

this way u enlist first and dont waste time waiting for enlistment, even if u out of course bmt ur ord counter is still running and guaranteed a much better job rather than combat role and chiong everyday",neutral,neutral
k66j4ob_0,comment,NationalServiceSG,U,wayang,"Tf, you got so much time to critique nsfs for what sia
They all just trying to serve 2 years and fuck off and we got one wayang kia here trying to be funny. Pls la, ns already shag enough, don't come here kpkb and make other ppl life more shag le.",uncommitted,critical
i14db0j_3,comment,NationalServiceSG,U,hate ns,"I agree its the stupidest shit ah, but i think abolished is quite extreme. As much as i personally hate NS for all the things it has done to my life (if you just take a quick peak at my comment history you can tell that i have the lowest regard for NS).",uncommitted,critical
gwmq0kv_1,comment,singapore,C,worth it,"I smirked inwardly when Habibie called us a little red dot and Mahathir kept throwing barbs and insults at us. There was a certain special pride and a certain amount of personal conviction and it was all worth it, and we were all Singaporeans, in that we shared a common past, a common experience, and a common identity.",committed,supportive
lk5npxw_0,comment,NationalServiceSG,U,chao keng,potential back injury is one of the reasons why im having second thoughts of trying to change my pes. but it sucks to be labeled as chao keng.,neutral,neutral
hoo1ne1_0,comment,askSingapore,U,waste of time,"NS should be year at most. Everyone should go through it once. Reservist, however, is a complete utter waste of time.",uncommitted,critical
e55ech2_0,comment,singapore,U,chao keng,One time I saw my chao keng buddy clerk post on reddit den I went to check his username. From den on every time he post I down vote him 1 time hehe!,neutral,neutral
16dzryq_1,submission,NationalServiceSG,C,ns made me,I feel that NS made me less mature.. People like to say NS makes people mature. I enlisted into army believeing I would grow and become more mature.,neutral,critical
zd4tfo_3,submission,NationalServiceSG,C,worth it,"Is it worth it to re-BMT?. I enlisted earlier this May, and I was part of the PTP batch.",neutral,neutral
c6l7phv_1,comment,singapore,U,chao keng,"2 years of suffering made me realise I preferred studying over doing this mindless shht. Training and nights out with my 'comrades' (and the occasional chao keng bunkmates) taught me when to grit your teeth and work, and when to 'relak-lah-why-you-so-kan-chong'.",uncommitted,critical
maxcri0_0,comment,NationalServiceSG,C,worth serving,"I'm in BMT rn first year soldier

My personal opinion is that the country is not worth serving because half the fuckers in this country are bitchass bums who aren't worth shit. People always describe our country as a first world nation with third world citizens, and I couldn't agree more.",uncommitted,critical
1gzdbkq_0,submission,NationalServiceSG,C,i plan to sign on,"aeromedical review question. hi, im from the 04/24 batch pop-ing next week and i plan to sign on rsaf.",committed,supportive
furlw5x_17,comment,NationalServiceSG,C,i signed on,It gets better. I signed on and I'm currently at BMT.,committed,supportive
ee6raip_1,comment,singapore,U,ns sucks,"I think NS sucks big time too and I would be one of the first to pop a champagne if they do away with the conscription system despite having already served NS, but if you think it's not important to Singapore at all you're probably being biased just because you are still serving. Heck, besides the few crazy fuckers I've personally seen, I don't think anyone actually likes NS.",uncommitted,critical
mi1lgws_2,comment,NationalServiceSG,C,i want to sign on,"I have a lot of reasons as to why I want to sign on and not just find any 9 to 5 job but I will just mention a few reasons, 

1. I enjoy military life.",committed,supportive
nikjf4s_0,comment,NationalServiceSG,U,keng,"Ignore those that say you keng. They are just assholes🤣

I have back issues found out during bmt as well, not same condition, except mine wasn't pain but just soreness with different severity, but knowing this I skipped entire bmt as the consequene is not reversible, and instead was given with saikang jobs...",neutral,neutral
g83bjoc_0,comment,NationalServiceSG,U,waste of time,"I think NS is quite impt tbh, even from a manpower perspective. But i also think its a fucking waste of time. I quite enjoyed the first year, but the last year was a fkin shitshow where i was just waiting to ORD.",uncommitted,supportive
dp2a0wp_0,comment,singapore,U,keng,"u should have declared it before enlistment, once u are in , people in saf would feel u trying to keng condition",neutral,neutral
d1rspj2_0,comment,singapore,U,chao keng,"If something does happen to you, is your family grieving over your dead corpse gonna matter more or how people think whether you chao keng going to matter more? Only siao on or gareng no brains pple think they need to act tough like other people.",neutral,neutral
ddcqkmy_0,comment,singapore,U,chao keng,Chao keng liao lor faster down pes,uncommitted,neutral
d8d0488_0,comment,singapore,U,ord lo,I ord today after disrupting (and completing) my university studies. Ayyyyy ord lo.,neutral,neutral
nltiqlm_0,comment,singapore,U,chao keng,"Now, I also know many people who chao keng in NS. Besides wasting the 2 years of possible growth, the keng can become a habit that’s hard to break.",committed,neutral
hhydgcs_1,comment,NationalServiceSG,U,wayang,"wayang as hard as possible. examples include but not limited to:

1) sucking up to ur superiors. 2) sucking ur superiors(bonus if u female)
3) volunteering to cover duty for regulars/nsfs
4) bribing?",neutral,neutral
l0lcdba_0,comment,singapore,U,ord liao,Lmao ORD liao alot of free time,neutral,neutral
e15w4dc_0,comment,singapore,C,protect singapore,To gain combat experience for our NSF's the government has decided to declare War with Malaysia to better equip and prepare our soldiers for Wars in the future to protect Singapore from aggression as part of its deterrence and swift victory policy and doctrine.,neutral,neutral
jljijcs_0,comment,NationalServiceSG,C,my ns was,idk bout u but MY NS was easy as ffff... so chill.. so relax... after 6pm u do whatever u wanna do. Then go get supper small snack.,neutral,neutral
k92mt4_1,submission,NationalServiceSG,C,worth it,Cons of spf SOC? Will SOC/police tactical trooper be worth it?. I think I'd like to get into SOC after my BPT as a vocation.,neutral,neutral
hcskysi_0,comment,NationalServiceSG,C,i want to sign on,"in a similar position except i’m terrified of getting downpes because i want to sign on after my 2 years but feel like i can’t cope :,) totally at a loss of what to do too",committed,supportive
kaytxoc_0,comment,singapore,C,worth it,"The NVG thing was an option in the past but it did not pan out. NVGs during those times were so rare that no one thought it was worth it frequency matching for the rare cases that it was needed. This was in the 90s and I was one of the rare ones that did get an NVG to play with. It was heavy and caused neck strain but damn when you are outfield and look at the sky with it on, the starscape was incredible, you see so many more stars than you can see with your naked eyes.",neutral,neutral
nwiaxs_1,submission,NationalServiceSG,C,worth it,Is it worth it to go OCS?. I have no intention of signing on after NS and living the military life.,neutral,neutral
ld3nsr0_1,comment,NationalServiceSG,C,worth it,"Unrelated but I still rmb the first time I book out during training coy and all the seniors doing guard duty were just shouting us to ooc, it's not worth it. It's really all about mind.",uncommitted,neutral
iuvkn6w_0,comment,NationalServiceSG,C,worth it,"Back in my time, got one LTA bike in camp kena destroyed by a trainee he F-ed. trainee probably kena DB but LTA bike repair no one compensate him. So yeah, is it worth it, Serve and FO bah.",uncommitted,neutral
i3gbyt8_0,comment,NationalServiceSG,C,worth it,It’s the retail promotions for SAFRA members that really makes it worth it for me. Gong Cha has 10% off the bill for SAFRA members too. Not forgetting the e-vouchers where the recently gave out a free cup of Medium-sized Mr Coconut.,neutral,neutral
fs6bsds_0,comment,NationalServiceSG,C,worth it,"just take grab, its worth it trust me",neutral,neutral
na8mpik_1,comment,NationalServiceSG,C,i signed on,"I signed on as MIE with diploma qualification. No regrets-- I am blessed to have good work life balance, minimal workload,  7hrs shift work and decent pay (4-5k after working 5 years).",committed,supportive
gpdv60w_0,comment,askSingapore,C,defend singapore,"If you compare us with other countries with conscription, sg is not particularly easy, just different since we have a different focus. We're not surrounded by openly hostile neighbours like Israel is, so our training is much easier than theirs; but we've also not given up on our military defence like Taiwan practically has, so we still have many years of being in the reserve force on top of having actual overseas exercises. And if you consider how we're actually going to defend Singapore in case of an invasion from the likeliest direction, ie preemptively grab a large piece of land from the invading neighbouring country and hold it in order to gain strategic depth and breathing room, most of us really don't need that much training, just the guys doing the offence. Of course if you compare conscripts with voluntary soldiers, it is exactly how you described.",neutral,neutral
gnelgl6_2,comment,NationalServiceSG,C,worth it,"Magnums are definitely worth it if you are going on frequent outfields. The boots gives impeccable comfort and support to your ankles due to its design. The insides gives a cushiony feeling, and can be further upgraded by using sports insoles and the Altama laces.",neutral,neutral
dv23lk3_0,comment,singapore,U,chao keng,Nope. Anyway I never Chao keng but just felt my vocation darn mundane. Although yes we can tell story at bmt and all but for my vocation pretty much nothing to be proud of.,neutral,neutral
j8d3zzs_0,comment,singapore,U,pointless,"Seems mostly pointless

The detrimental part of NS isn’t the training or living in Tekong. While strenuous, it’s not something that cannot be overcome

The awful part is wasting away 2 years of your life, which is a major opportunity cost for your future career prospects",uncommitted,critical
h5m0dja_0,comment,NationalServiceSG,C,worth it,"Try getting uni sponsorship/scholarship from SAF, then its worth it. Higher prospects than peers in saf without, paid uni, as well as decently transferrable to outside. about 10 years from now (BMT, Uni, etc) being MAJ/ME5 and leading a coy-level or more is more than what your peers who don’t sign on and after 5 years, unlikely to reach that level of authority/leadership alr.",neutral,neutral
du6m5ot_0,comment,singapore,U,keng,Because PES status sticks with you when you apply for jobs under gov :(. You keng can fk off already.,neutral,neutral
jzss3gz_1,comment,NationalServiceSG,C,ns taught me,"NS taught me supply chain management skills, granted I was assigned the role of a Supply Assist (GE) aka storeman doing a CQ (Company QuarterMaster) job because there was a period of 2 months+ no CQ available in my unit (Seletar East) for about 2 months. Suay lorh, One storeman doing CQ job for the entire company, but I survive somehow and the Unit thank me for my work by nominating me Company Best Soldier for said month.",committed,neutral
cfyrahy_0,comment,singapore,U,not worth it,"Not worth it when you are going through the bullshit. Also if you do not pass IPPT and various other tests, you will be forced to OOC in OCS.",uncommitted,neutral
ke7b4ub_0,comment,askSingapore,U,sian,We ICT every year until sian but you wanna do opposite lol haha,uncommitted,neutral
jsaxvkw_0,comment,NationalServiceSG,U,chao keng,">Alr sounded off to the officer on top of the tank that I have a migraine leh, he ask me to proceed, didn’t do much in the tank

maybe to the officer, it sounded like u chao keng 🤷🏻‍♂️😂 and i think LD only excuses RMJ frm what i know 

>but due to the narrow space I was claustrophobic and have difficulty breathing

wait if you’re claustrophobic and shit how did you even get graded pes B1 😂",neutral,neutral
dsw78j6_0,comment,singapore,U,sian,"sian i had been training for ippt last week, but kena stomach flu right before so all my training went to waste. Now training for next week ippt, which is my last chance to shave 2 months off NS, and honestly feel way weaker and less fit than before i was sick, now srsly doubting my ability to pass",neutral,neutral
i6v6jpi_0,comment,NationalServiceSG,U,keng,“BO KENG BO CHUT PENG” - Kopitiam uncle when im wearing smart 4 to eat breakfast before bookin,neutral,neutral
ifop42m_1,comment,NationalServiceSG,C,love ns,"i wldnt say i love NS but id be lying if i said my NS journey didnt taught me several things. firstly i realised that if i wanted something id have to get off my ass and take action

if i wanted to have a slack NS life n be productive outside id have to take the effort to downpes.",neutral,neutral
gcog2t5_0,comment,NationalServiceSG,U,keng,"Keng abit, exaggerate your symptoms. Either way, most probably you won't revocate.",uncommitted,neutral
nhuoxlu_0,comment,NationalServiceSG,C,duty to serve,Who says it's our duty to serve and die for the country? You think we volunteer for the force is it? Will you also do your part to die for the country also?,uncommitted,critical
hmne9kq_1,comment,NationalServiceSG,U,wayang,"If they want to wayang, then just let them be lor. Some of them want to enter SCS/OCS and sign on after, or some of them want the prestige of 3SG/2LT rank, then I guess it is their choice, and I am not certainly not in the position to judge them, try and bring them down or shit-talk about them as long as they are not the snobbish/stuck-up kind.",neutral,neutral
lbevhn7_0,comment,NationalServiceSG,U,keng,No. I don’t actually want to Pes F coz I not keng. I’m perfectly fine in my admin job,committed,neutral
vtfssb_0,submission,NationalServiceSG,C,i want to sign on,Help for UP PES as I want to sign on,committed,supportive
lhpfzr4_0,comment,askSingapore,C,ns made me,"Honestly NS made me really tough mentally and emotionally. I learnt how to be stoic and simply focus on the end goal, which is to ORD.",uncommitted,supportive
hsqy7f9_0,comment,NationalServiceSG,U,chao keng,to chao keng or to chiong sua,neutral,neutral
dv38skd_0,comment,singapore,U,chao keng,"Well I love guns so chao keng never crossed my mind. Sometimes my friends chao keng, which is fine as long as it doesn't delay secure time. Only means I touch the guns more",committed,supportive
hk8rcz3_0,comment,NationalServiceSG,C,worth it,"Talk to commander, see OO, see MO. Dont hurt urself ,its not worth it for the long term, u will be seeing ur parent, cat and home weeks later, keep this thoughts in mind to overcome the tough times

Do report ur issue to ur commander and MO, so that they can help you when you are in need.",neutral,neutral
dz6clsk_0,comment,singapore,U,chao keng,I'm PES E. Can I chao keng MC to escape orientation?,uncommitted,neutral
elyt0st_0,comment,singapore,C,worth it,"Need some advice from NSFs/NSmen

I’m currently serving my 2 years in the army and got an offer from a local Uni for admission next year July 2020. I will ORD on October 2020 which means I will have to disrupt my NS. However, the Uni has given me a choice that should I want to finish my NS first, they will put me in the 2021 intake. My concerns are is disrupting my NS worth it or should I finish my NS first?",neutral,neutral
h1liybi_0,comment,NationalServiceSG,U,not worth it,IMO its not worth it and try your best to downpes. You risk re aggravating ur injury during BMT and there is no reason to compromise your standard of living for the next 50 years of your life for 2 years of service. Furthermore the pes b4 bmt is much safer and less taxing than normal bmt so why put your health at risk unecessarily.,neutral,neutral
khj000f_0,comment,NationalServiceSG,C,worth it,"NS is not worth it. If she doesn’t think so, we who served can tell her directly.",uncommitted,critical
mi1lgws_1,comment,NationalServiceSG,C,i want to sign on,"I have a lot of reasons as to why I want to sign on and not just find any 9 to 5 job but I will just mention a few reasons, 

1. I enjoy military life.",committed,supportive
fmb1lsk_2,comment,NationalServiceSG,C,worth it,OCS is worth it imo. You get to learn and experience more stuff during training.,committed,supportive
h7b3zbu_0,comment,singapore,U,chao keng,Last time report sick also like that. When go clinic suddenly feel better scared Doctor think you chao keng,neutral,neutral
mwlwqh2_6,comment,NationalServiceSG,U,waste time,Shit experience. Waste time.,uncommitted,critical
fqm8ffm_0,comment,singapore,U,ord lo,dunnid. ord lo,neutral,neutral
gl5ud10_1,comment,singapore,U,chao keng,"In between all the officers who threaten to charge you, all the MOs who automatically assume you chao keng, this is really hard to do in reality. The base assumption in SAF is if you report any form of injury or sickness=chao keng.",neutral,neutral
cqs3rrg_0,comment,singapore,C,worth it,"Most private sector employers do not recognise your military experience. If you're really bent on joining the SAF, wait till you finish poly, enlist and judge if the military life is really suitable for you. Don't get tempted by the paltry sum of money that they are offering you during your studies, it's not worth it in the long run.",uncommitted,neutral
nutuun7_0,comment,NationalServiceSG,U,sian,Until I sian I guess,neutral,neutral
ml6l5ze_0,comment,NationalServiceSG,U,chao keng,"I dont have other symptoms also im not trying to chao keng, also if im trying to chao keng, i wouldve been rsi-ing every day which i didnt. But still need to see what the mo say to my superior first thru the email",committed,neutral
jbeawss_0,comment,NationalServiceSG,U,zao,"false information. had a big wrist surgery , mc 4 months plus until after ord . nothing,  
came back on ord day during mc to take cert, plaque and zao",neutral,neutral
i91zct0_0,comment,NationalServiceSG,U,sian,ah sian i rather do non sign-on one sia if i knew but now i okay la in admin spec quite chill also,neutral,neutral
nehn6de_0,comment,NationalServiceSG,C,worth it,"Hi bro abit late but I always get ulcers too my whole life and have been finding ways to get rid of it until recently I chanced upon it may be because of the toothpaste. Try using Non-SLS toothpaste, I switched from Darlie to sensodyne and my ulcers decreased significantly. Although Sensodyne more ex but it's worth it bro give it a shot it might work",neutral,neutral
hzpme7y_2,comment,NationalServiceSG,C,worth it,"Went in 2 months eaelier, to be honest, it was well worth it for me. Depends on how you want to spend that time and if you want to bother trying to pass the pre-enlistment IPPT.",committed,neutral
iawp7zw_0,comment,singapore,U,wayang,"Will be like VAR introduced to football. But VAR also can be biased by the VAR / on field referee; or make unforced error like not giving a “Clear &amp; Obvious “ handball penalty to Everton resulting in Man City gaining all 3 points and eventually paving way for City to win the title. All this committee Wayang Wayang only, the best part is They All Get Extra Allowance and laugh all the way to the banks month end regardless they come out with sound judgement or advice to the Court !",neutral,neutral
l2mrc2i_0,comment,askSingapore,C,worth it,"Roughly a 30mins wait, it’s faster if you book in advance. Sometimes if I got a early vet appointment far-away I’ll schedule a ride in advance I think the fee is a extra $8 but worth it imo.",neutral,neutral
mp3nmul_0,comment,singapore,U,waste of time,"Lol, I applied for a job that wanted to see my COS but I never collected it when I ORD'd. Had to go all the way to Cashew to collect it and the company didn't contact me after the interview. Such a waste of time and money.",neutral,neutral
gbonm61_9,comment,NationalServiceSG,C,worth it,1) It's a tough vocation but very worth it imo. Not alot of ppl are gonna experience what you had/have when u become a FF.,committed,supportive
lipm5mt_0,comment,askSingapore,U,sian,"its damn sian serious. i am nsf everyday book out but my travel time is around 1.5 hours and i already wna kill myself because of the time i spend waiting. pasir ris to tuas is js so tiring, imagine u have to wake up 5am to rch work at 8am, absolutely insane.",neutral,neutral
hjoz4ek_3,comment,NationalServiceSG,C,i signed on,I was a former regular and I signed on largely to fund my studies. Picked up the bad habit on deferment of thought and ended up suffering from severe passive thinking.,neutral,neutral
hkltzwk_0,comment,NationalServiceSG,C,worth it,Not pain n worth it. Clean penis for life.,neutral,neutral
e8f2ptl_0,comment,singapore,C,worth it,"I can understand how u feel and where you’re coming from, but take it from me, I’m in my 30s and in the grander scheme of things, OCS isn’t worth it. Not an officer, but saw how my friend’s lives and well-being get affected because of their reservist duties... gotta go in earlier than everyone, come out later than everyone... gotta do all sorts of planning.",uncommitted,neutral
ghi2nci_0,comment,NationalServiceSG,U,sian,Before pay increase mine was 800 plus. Sian peanut. Even the divers security trooper earns more than me,neutral,neutral
ldmr3fb_0,comment,singapore,U,waste of time,"ICT is such a waste of time. Especially high key or forced to stay in, when activities are done go home to join your family.",uncommitted,critical
lbtp1k1_0,comment,NationalServiceSG,U,not worth it,"Short answer: no, it's not worth it

Long ass answer:

If you have a passion, it's fine to sign on. If you're in for the money, please don't cuz you will regret it.",uncommitted,neutral
lrpbc6g_3,comment,NationalServiceSG,U,not worth it,Piece of advice bro: OOC from the driving course cuz not worth it. How to OOC?,uncommitted,neutral
cyjfpj5_0,comment,singapore,U,chao keng,"Channel that bitterness to positive things. For example, chao keng.",uncommitted,neutral
fpfvmai_2,comment,NationalServiceSG,C,worth it,"I see you have a few questions so im gonna try answering to the best of my abilities:

**What's the pros and cons of command school? Hows OCS life compared to BMT life? Is OCS ""worth it""?**",neutral,neutral
mhhhtyj_4,comment,NationalServiceSG,C,worth it,Depends on what you personally plan on doing. Majority of those on here will say not worth it.,neutral,neutral
l78g7uo_0,comment,NationalServiceSG,U,wayang,Best wayang doesn't matter LOL,neutral,neutral
ljpddyq_0,comment,NationalServiceSG,C,ns made me,ns made me have the ability to sit and think of absolutely nothing for hours…literally.,neutral,neutral
jr8f4m7_0,comment,NationalServiceSG,U,ord mood,"219, need to start being in ORD mood",uncommitted,neutral
hyg93sj_0,comment,NationalServiceSG,U,sian,"You can think that OOC life is damn sian now, but trust me it’ll get worse if you up-pes again just because you want to cure your boredom. Similarly, you thought that combat fit life was so shit, so you decided to down pes for a better life.",neutral,neutral
d21zkd4_2,comment,singapore,U,keng,"Because of that, thinking that I'm a keng or some other reason unknown to me,  he's picking on me alot. Some of them includes

-asking me to book in when I have already gotten a mc of only 2 days from a government hospital (note not private) whereas my friend who took it on the same day doesn't need to.",neutral,neutral
njf2t2z_0,comment,askSingapore,U,waste of time,I served in a siong unit and enjoyed my time in NS and reservist but I cannot disagree that it was a waste of time especially watching people who didn't have to serve get a 2 year head start in the corporate world. In my case I started working with a base annual salary ~60k and now earning more .,committed,critical
pd43eh_0,submission,NationalServiceSG,C,i plan to sign on,"Level of difficulty regarding naval warfare system expert (electronics). I plan to sign on as a ^, but I’m scared of the electronics parts.",committed,supportive
m7x1vc2_1,comment,NationalServiceSG,C,worth it,"OP was asking if it was worth it to ""skip NS"". I presented my case based on the potential benefits of not doing so.",neutral,neutral
ijzcm1m_0,comment,askSingapore,U,smoke,"Kinda like how I (foolishly, yes) smoked a moderate amount during NS but just .. quit without much drama after ORD and have been clean for over a decade. I really think the addiction is not to the smoke itself or its physiological effects per se, but to using it as a coping mechanism.",neutral,neutral
