chunk_id,stratum,label,max_score,sent_neg,sent_neu,sent_pos,doc_type,subreddit,has_sg,text,human_verdict,corrected_label
if6e9pa_3,high_neg,negative,0.8384701609611511,0.8384701609611511,0.1446688175201416,0.016861025243997574,comment,NationalServiceSG,False,"Here's a simplified explanation on why a sudden 100% conscription will be a problem: 

There's 20 people supposed to grad from jc, with 10 of them going NS and 10 going to uni, but all of a sudden due to the 100% conscript of both gender, 0 people are going to uni. With NS lasting 2 years, that will be 2 years of empty universities.",agree,negative
hvnxtp8_0,high_pos,positive,0.8695307374000549,0.03969426453113556,0.09077496826648712,0.8695307374000549,comment,NationalServiceSG,False,"Thank you for this, it's very reassuring to know that a down PES might be my best course of action. :) As I stated in the reply above, I guess that my concern with down PESing is when to do it - especially with my fears of recoursing BMT.",agree,positive
8u9dbm_2,high_pos,positive,0.8247039318084717,0.04979393258690834,0.12550212442874908,0.8247039318084717,submission,singapore,False,"You would, wouldn't you? It sounds so comfy and loving, encik might just cuddle you afterwards.",agree,positive
uqci5w_0,low_conf,neutral,0.45987698435783386,0.1262357234954834,0.45987698435783386,0.41388729214668274,submission,NationalServiceSG,False,"2 SIR 19th Mono Welfare Standards. Hello Lions

let‘s have some fun and compare different welfare/hell standards between Alpha Bravo Charlie Delta.",agree,neutral
dyhy310_0,high_neg,negative,0.9326156973838806,0.9326156973838806,0.05518215149641037,0.012202126905322075,comment,singapore,False,"From what I know last time, they will just recourse you, cause you need to be “qualified” to be posted out to combat units. But tbh it’s not worth it, most chiong sua vocation still better than BMT and the idea of getting recourse with different batches of recruit and unable to explain why you recourse will make you look really bad. GL and HF",agree,negative
gxpn9my_0,high_neg,negative,0.8605422377586365,0.8605422377586365,0.12425928562879562,0.015198471024632454,comment,NationalServiceSG,False,"Are you still lying on the ground? If you are in pain and in need of immediate attention, call your superior.. not posting on reddit..",agree,negative
jpuongn_0,singlish,negative,0.40674474835395813,0.40674474835395813,0.39131489396095276,0.2019403576850891,comment,NationalServiceSG,True,Aiyah dunnid care one they cb u u cb them back 🤣,agree,negative
hwmo7th_0,high_pos,positive,0.9050841927528381,0.01799744740128517,0.07691842317581177,0.9050841927528381,comment,NationalServiceSG,False,"I appreciate that, thank you so much!",agree,positive
i8ajzyo_1,high_neg,negative,0.8034420013427734,0.8034420013427734,0.17213694751262665,0.024421069771051407,comment,NationalServiceSG,False,"My question is more towards the restrictions on a medical trial towards NSFs. I'm almost ORD-ing, so i probably could request to be put back into the trial again, but I'm just confused why being an NSF would not allow me to be apart of it.",agree,negative
e3zlv8p_2,singlish,neutral,0.5458892583847046,0.27698948979377747,0.5458892583847046,0.17712123692035675,comment,singapore,True,"Overall amongst the vocation in SPF and SCDF, I will rank SCDF EMT first and then the frontline vocation of SPF (the ones activated for 999 calls) and firefighter 3rd. Not because it's busy or lepak but how you have to be ready for anything.",agree,neutral
krovhu0_0,low_conf,negative,0.48840346932411194,0.48840346932411194,0.46535927057266235,0.04623735323548317,comment,NationalServiceSG,False,Ns is this person's life,disagree,neutral
n3mk9z_1,low_conf,neutral,0.4870701730251312,0.38678181171417236,0.4870701730251312,0.1261480301618576,submission,NationalServiceSG,False,Regrets mayve?. Just wanted to hear from the laojiaos,agree,neutral
jzlj3l3_0,high_neg,negative,0.9067526459693909,0.9067526459693909,0.07679841667413712,0.016448969021439552,comment,NationalServiceSG,False,"If ur superior/S1 hates you and no one above(persnode, G1 etc etc) chase them. They can wait until ur ord date. Fastest outpro I’ve seen was 3 weeks, slowest was  6 months",disagree,neutral
g6doqpz_0,high_neg,negative,0.8293095827102661,0.8293095827102661,0.14351007342338562,0.02718040719628334,comment,NationalServiceSG,False,"Yes, but there are shops that charge more than necessary. The problem with prebuilts is that they charge more, since they built it for you, but they use shitty components.",agree,negative
jg20pye_0,high_pos,positive,0.82420814037323,0.02824447862803936,0.1475474238395691,0.82420814037323,comment,askSingapore,False,Having BMT GP rehearsal rn and doing this really helps. Thanks!,agree,positive
f9kbjm0_1,high_pos,positive,0.8351944088935852,0.05348629876971245,0.11131934076547623,0.8351944088935852,comment,NationalServiceSG,False,"&amp;#x200B;

But really, there's nothing bad about the SCDF; they're actively helping and serving the community every day. They train as hard as (if not more than) the SAF and put these skills into action.",agree,positive
jkw5fne_0,low_conf,negative,0.4275246262550354,0.4275246262550354,0.41791021823883057,0.15456517040729523,comment,NationalServiceSG,True,had the impression aug enlistment exercise were for the ndu but since i didn go to the ndu va im assuming im gg tekong,disagree,neutral
flkbt6b_1,high_neu,neutral,0.849375307559967,0.06380395591259003,0.849375307559967,0.08682078123092651,comment,NationalServiceSG,False,"3) after waking up at 530, do we immediately start our activities? ( like doing pt)
4) are thr MOs located in tekong?",agree,neutral
jhqmh06_0,high_pos,positive,0.8653612732887268,0.031925782561302185,0.10271294414997101,0.8653612732887268,comment,NationalServiceSG,False,Thanks man. I should be safe,agree,positive
go8pzmz_0,high_neu,neutral,0.83223956823349,0.11219336092472076,0.83223956823349,0.055567044764757156,comment,askSingapore,False,do you mean during ns or after ord?,agree,neutral
gywar9v_1,singlish,neutral,0.5946412682533264,0.1994464248418808,0.5946412682533264,0.2059122920036316,comment,NationalServiceSG,True,do you know how big the impact is? of cos SHRO sian max.,disagree,negative
mi88281_0,high_neg,negative,0.8037852048873901,0.8037852048873901,0.1389056295156479,0.05730915069580078,comment,NationalServiceSG,False,cb im a fucking scout,agree,negative
1jos4aa_0,high_neu,neutral,0.8267748355865479,0.07208194583654404,0.8267748355865479,0.10114315152168274,submission,askSingapore,False,How to Do BMT at Home (as a foreigner)?. Hi all!,agree,neutral
1nqv99b_0,high_neu,neutral,0.9013856649398804,0.062420397996902466,0.9013856649398804,0.036193933337926865,submission,NationalServiceSG,False,Question about 2nd October Intake,agree,neutral
jbx1f7v_0,high_pos,positive,0.8988422751426697,0.012253152206540108,0.08890458196401596,0.8988422751426697,comment,NationalServiceSG,False,ic… Thank you!,agree,positive
cp68ozr_0,singlish,negative,0.9011046290397644,0.9011046290397644,0.07444201409816742,0.02445346489548683,comment,singapore,True,"The vetting of a SAFOS scholar pretty much boils down to ""RJ/HC student with Straight A's"". And guess what, the entire upper management of SAF is plague with all these people. You would normally associate ""Wayang"" to NSF, but take it from me, the wayang level of these scholar puts any NSF to shame.",agree,negative
ik4a2i4_0,high_neu,neutral,0.8538212776184082,0.055103641003370285,0.8538212776184082,0.09107507765293121,comment,NationalServiceSG,False,"I arrived in December from overseas for my medical screening @ CMPB, enlisted in May. I did go thru the vees tho so I just kept emailing CMPB about my enlistment date.",agree,neutral
eu0vznm_0,high_neg,negative,0.8997488617897034,0.8997488617897034,0.08466564863920212,0.015585551969707012,comment,singapore,False,I'm facing the exact issue right now! But i have dutch and philippine citizenships! For the dutch embassy i have to wait 2 months for them to send a statement to the netherlands to confirm that i am citizen and I can't travel now which sucks cuz i have nothing to do waiting to start national service,agree,negative
dd38ibf_1,singlish,neutral,0.6739712357521057,0.17193050682544708,0.6739712357521057,0.15409822762012482,comment,singapore,True,2. NS when u left 1 year or less to ORD start to chao keng by getting referrals to medical appointments then schedule them close to each other.,disagree,negative
e7igi2o_1,high_neu,neutral,0.8026211857795715,0.12972816824913025,0.8026211857795715,0.06765063852071762,comment,singapore,False,"I thought it was common knowledege. Haven't enlisted yet, but REC: Recruit PTE: Private(Not PVT like in the US) LCP: Lance Corporal CPL: Corporal CFC: Corporal First Class",agree,neutral
gz5vwlo_0,high_neg,negative,0.8078530430793762,0.8078530430793762,0.1751408725976944,0.017006075009703636,comment,NationalServiceSG,False,just wondering but how did u get excused stay out,disagree,neutral
j1brc4c_0,high_pos,positive,0.8720985651016235,0.03567774221301079,0.09222370386123657,0.8720985651016235,comment,NationalServiceSG,False,thanks all for yr advise. appreciate it.,agree,positive
kywfq2k_0,high_neg,negative,0.9310353398323059,0.9310353398323059,0.05591481924057007,0.013049826957285404,comment,NationalServiceSG,False,"Idk how you gonna convince the whole unit to do that ah... and IMH isn't that dumb tbh, they'll catch on and this is gonna escalate to malingering",agree,negative
1jlq5me_0,low_conf,neutral,0.4883253276348114,0.4640360176563263,0.4883253276348114,0.047638602554798126,submission,NationalServiceSG,False,"What is all the S1/S2, G1/G2 army stuff?. can somebody enlighten me like what's S1,S2, G1,G2 all that stuff?",agree,neutral
gblc5ut_0,singlish,neutral,0.4713677763938904,0.4094258248806,0.4713677763938904,0.11920632421970367,comment,NationalServiceSG,True,"Course is generally quite lepak. During my time, no stay in but now need stay in.",disagree,positive
hfb1bo0_1,high_neu,neutral,0.8288264274597168,0.09045187383890152,0.8288264274597168,0.0807216614484787,comment,NationalServiceSG,False,"For ME, depending on vocation. ie, C4x, you may need a relevant engineering degree or a local uni placement to study engineering courses.",agree,neutral
ho6zkep_0,low_conf,negative,0.41514483094215393,0.41514483094215393,0.37163469195365906,0.2132205069065094,comment,askSingapore,False,Tekong,disagree,neutral
dwcsziu_0,singlish,negative,0.7410802245140076,0.7410802245140076,0.16977351903915405,0.08914627879858017,comment,singapore,True,They pretty much cover their backside so NSMen like me cannot use the parking fee as an excuse for being late when kenna call up. Smart sia!,agree,negative
fiixiry_0,high_neg,negative,0.8079153895378113,0.8079153895378113,0.16859577596187592,0.023488765582442284,comment,NationalServiceSG,False,"the fact that u got sent to MCC appointment in CMPB is already a indication that you are not assigned the correct PES, which is why they sent you to CMPB appointment instead of IMH or MMI PCC. It is unlikely that they will allow you to continue your current BMT.",agree,negative
l3si7si_0,low_conf,neutral,0.4377839267253876,0.2866062819957733,0.4377839267253876,0.2756097912788391,comment,singapore,True,"Sure but chao keng kings exist before telehealth. This is simply a reinforcement of ""business friendly"" policies.",disagree,negative
he74kfu_0,high_pos,positive,0.8693494200706482,0.014625918120145798,0.1160246804356575,0.8693494200706482,comment,NationalServiceSG,False,All the best! Wishing you a speedy recovery my friend!,agree,positive
h13yt2z_2,high_neg,negative,0.8822897672653198,0.8822897672653198,0.09411156922578812,0.023598650470376015,comment,NationalServiceSG,True,They say their Xray machine spoiled but like a big and obvious hole sia. So now I have to get not a. Free extraction but instead a cheaper but still expensive for my liking,agree,negative
msf1295_0,singlish,negative,0.6185088753700256,0.6185088753700256,0.23441444337368011,0.14707671105861664,comment,NationalServiceSG,True,All fcc have wet weather program so no worries. Scared of rain ruining your nsfit do zoom nsfit lor.,disagree,neutral
1boyoub_4,high_pos,positive,0.8953191637992859,0.013928890228271484,0.09075192362070084,0.8953191637992859,submission,NationalServiceSG,False,Really appreciate any answer. Cheers!,agree,positive
dbwbi1s_0,singlish,positive,0.4118470251560211,0.19285644590854645,0.39529651403427124,0.4118470251560211,comment,singapore,True,"NCC is nothing compared to BMT/NS (unless you happen to have siao siao seniors, if so then you're around 60% there). NS is also more fun than NCC, but you have to deal with the fact that it's serious and you're not playing around anymore.",agree,positive
mkrpihj_0,low_conf,neutral,0.4352739751338959,0.2227635681629181,0.4352739751338959,0.34196242690086365,comment,NationalServiceSG,False,"focus in statics, w minimum 56 56 u shkd be able to get gold without training much in run and statics r easier to train",agree,neutral
may1iwz_2,high_neg,negative,0.8236027359962463,0.8236027359962463,0.09534118324518204,0.08105605840682983,comment,NationalServiceSG,False,No point arguing. Sorry about that. And thank you for your service.,disagree,positive
mby8f0b_0,high_neu,neutral,0.8942661285400391,0.04849483445286751,0.8942661285400391,0.057238977402448654,comment,NationalServiceSG,False,"So if one submits a request for VEES, how fast can the applicant enlist? Any information about VEES?",agree,neutral
hrccc9z_2,high_pos,positive,0.8347386121749878,0.010412745177745819,0.15484867990016937,0.8347386121749878,comment,NationalServiceSG,False,"DM if you need any other details. Otherwise, keep pushing! You can do this. :)",agree,positive
g799ikh_0,singlish,negative,0.6027798652648926,0.6027798652648926,0.24883294105529785,0.14838717877864838,comment,singapore,True,"Fail IPPT just retake lor. Make sure don’t awol, don’t kena charged can alr.",disagree,neutral
vmd43t_0,high_neu,neutral,0.8454509377479553,0.07822106778621674,0.8454509377479553,0.07632797956466675,submission,NationalServiceSG,False,Declare past mental health issues in unit. How does it work?,agree,neutral
nuo1fwq_0,high_pos,positive,0.8331716656684875,0.06410690397024155,0.10272146016359329,0.8331716656684875,comment,NationalServiceSG,False,Thank you for your service,agree,positive
lpnent1_0,high_pos,positive,0.8247332572937012,0.038959477096796036,0.1363072395324707,0.8247332572937012,comment,NationalServiceSG,False,"ahhh okay, do represent us well yah. haha.",agree,positive
lbrxn99_0,singlish,positive,0.4283957779407501,0.2946122884750366,0.27699199318885803,0.4283957779407501,comment,NationalServiceSG,True,Yea sia by right don't need to but they serve also. Hat's off to em,agree,positive
k7mt0cg_0,singlish,neutral,0.47799479961395264,0.4636622965335846,0.47799479961395264,0.058342985808849335,comment,NationalServiceSG,True,"Eh you ask honest question one leh. 3rd Jan means enlistment date and nothing else, so of course people will hit you with sarcasm",agree,neutral
e2hd0eh_0,high_neg,negative,0.9243468046188354,0.9243468046188354,0.056122079491615295,0.019531037658452988,comment,singapore,False,u instantly become some of ur collegues most hated person everytime u go ICT,agree,negative
1je0h12_0,high_neu,neutral,0.849187433719635,0.09314432740211487,0.849187433719635,0.05766831338405609,submission,NationalServiceSG,False,"Thinking about oocing from scs. So basically I'm from the 48 SAR BMT mono intake and I got posted to scs. Say if I ooc from SCS, where will I be posted to?",agree,neutral
dybwhmd_0,singlish,negative,0.8995761871337891,0.8995761871337891,0.07066558301448822,0.029758285731077194,comment,singapore,True,"Its all about ranking in the army, just like the corporate world. When back for reservist those idiot officers are given to rights over all the reservist guys because we are lower rank once back in camp. Quite stupid to see a successful manager in the corporate world being tekan like a silly baboon back in reservist.",agree,negative
hycpwwg_0,low_conf,neutral,0.451659232378006,0.3457788825035095,0.451659232378006,0.20256192982196808,comment,NationalServiceSG,False,we got leader in SAF???,disagree,negative
ha5ci3d_0,high_neu,neutral,0.9006156325340271,0.06267282366752625,0.9006156325340271,0.03671152517199516,comment,NationalServiceSG,False,How much was his gpa?,agree,neutral
jc0yxk0_1,low_conf,neutral,0.4454876482486725,0.12476464360952377,0.4454876482486725,0.42974770069122314,comment,NationalServiceSG,False,Those days as the trainee in OETI. More modular courses and canteen chills.,disagree,positive
1crj07j_2,singlish,negative,0.8977919816970825,0.8977919816970825,0.08927655965089798,0.01293156947940588,submission,NationalServiceSG,True,"At the end of the first part of the course, my PC even said a joke about “people saying they can’t make it at the start”. I’m also very scared to go and rsi as the second part to my course starts tomorrow and I’m worried everyone thinks I’m trying to chao keng.",disagree,negative
g6eww5g_0,high_neg,negative,0.8908261656761169,0.8908261656761169,0.08698039501905441,0.02219344489276409,comment,NationalServiceSG,True,Bro no point la do until like no dignity leh,agree,negative
n713bb4_0,low_conf,negative,0.44212606549263,0.44212606549263,0.292754203081131,0.2651197910308838,comment,NationalServiceSG,False,My encik will read this and go knnccb fug u understand,agree,negative
ruei3s_0,high_neu,neutral,0.8804564476013184,0.03704949840903282,0.8804564476013184,0.08249399811029434,submission,NationalServiceSG,False,Exception for hair shaving for SPF Pes E9. hi im going into SPF PES E9.,agree,neutral
gp5mo1a_0,high_pos,positive,0.8187481760978699,0.027274426072835922,0.1539773792028427,0.8187481760978699,comment,NationalServiceSG,False,Thanks bro!,agree,positive
kchzdte_0,high_pos,positive,0.8653526902198792,0.01848817802965641,0.11615913361310959,0.8653526902198792,comment,NationalServiceSG,False,"I see, thanks :))",agree,positive
k4jxxtn_0,high_neg,negative,0.895327091217041,0.895327091217041,0.07820387184619904,0.026469049975275993,comment,NationalServiceSG,False,my 2IC also dogshit ah,agree,negative
mxp154u_2,high_pos,positive,0.8257250189781189,0.04411211982369423,0.13016289472579956,0.8257250189781189,comment,NationalServiceSG,False,Tilpal is nice… big money paid by our tax dollars to AU for the camp. 2.,disagree,negative
znd4sy_2,high_neg,negative,0.9245367646217346,0.9245367646217346,0.06304595619440079,0.012417295016348362,submission,askSingapore,False,However my mental health has deteriorated so much that I got exempted from ICT. Foreign manpower policies back in the 2000s were very liberal.,agree,negative
dd3f3z3_0,high_pos,positive,0.9093926548957825,0.0109790600836277,0.07962825149297714,0.9093926548957825,comment,singapore,False,"tekong Haha. cherish your time there bro, it'll be fun :-)",agree,positive
1i6dqtk_0,high_neg,negative,0.897611141204834,0.897611141204834,0.08341261744499207,0.018976276740431786,submission,NationalServiceSG,False,CMPB extremely slow in processing,agree,negative
jtmquec_1,singlish,neutral,0.6565947532653809,0.19730807840824127,0.6565947532653809,0.14609719812870026,comment,NationalServiceSG,True,"Mine they will inform you beforehand, whether you choose to go is your choice. Some units a bit siao on, will force you to go recourse.",disagree,negative
miykz18_0,low_conf,neutral,0.3726027309894562,0.30750787258148193,0.3726027309894562,0.3198894262313843,comment,NationalServiceSG,False,Lick offica boots till shiny,disagree,negative
he3zr6d_0,high_pos,positive,0.9245907068252563,0.02338520437479019,0.05202406644821167,0.9245907068252563,comment,NationalServiceSG,False,"wow thank u so much for such a detailed post! I feel quite reassured now, really appreciated fam :’)!!",agree,positive
lyldz4y_0,high_neu,neutral,0.8076468706130981,0.11187630146741867,0.8076468706130981,0.08047682791948318,comment,NationalServiceSG,False,CFC 790 + Commando vocation allowance 500 = 1290,agree,neutral
d2lcz8m_0,high_pos,positive,0.8201141953468323,0.030233724042773247,0.14965207874774933,0.8201141953468323,comment,singapore,False,"Finally atec is over. Next stop, ORD lo! :D",agree,positive
n0opco0_0,singlish,negative,0.5919956564903259,0.5919956564903259,0.2990899384021759,0.1089143306016922,comment,NationalServiceSG,True,"""Eh why got one blank space in the file? Aiyo wait sorry sorry, got the ant there leh!""",agree,negative
n43sxb4_0,high_neg,negative,0.9521388411521912,0.9521388411521912,0.03661766275763512,0.011243507266044617,comment,NationalServiceSG,False,"This fucked up psychopathic ex-commando lta at signal camp who literally torture men with physical punishments (unwarranted), especially those on guard duty, for the lols, then act very ""caring"".",agree,negative
hwbqu6f_1,low_conf,negative,0.42800286412239075,0.42800286412239075,0.33979570865631104,0.2322014421224594,comment,NationalServiceSG,False,"All i can say is , focus more on urself and care less abt what this country tells you because at the end of the day 1 yr is still 365 days more than the other half of the country , and thus u shld just reward urself and treat yourself , cuz if you dont take care of urself , who will, certainly not the govt. The world is big , its only our scope that is small , so dont let anything restrict u noe that u no longer need to put on that long 4. Thank you for ur service my fellow brother",agree,negative
kxvevf5_0,singlish,negative,0.5322992205619812,0.5322992205619812,0.40983736515045166,0.05786335840821266,comment,singapore,True,No I cannot be a teacher Becos I chao keng in NS once,agree,negative
htzz8s_0,high_neg,negative,0.8753182291984558,0.8753182291984558,0.11199676990509033,0.012685014866292477,submission,NationalServiceSG,False,Forced to downpes due to rash problem?,disagree,neutral
nf7sifv_0,low_conf,negative,0.45264768600463867,0.45264768600463867,0.411178320646286,0.1361740529537201,comment,NationalServiceSG,False,"Dear Brenbox,

Your [post](/r/NationalServiceSG/comments/1nlt1o3/commanders_forcing_us_to_shave_botak_again_if_we/) on r/NationalServiceSG was removed by the Read The Rules app because you need to submit an acknowledgement that you have read the rules. **Please:**

* **Take a moment** to refresh yourself with the community rules in case they have changed.",disagree,neutral
n1mvghz_0,high_neg,negative,0.8487434983253479,0.8487434983253479,0.10095836222171783,0.05029812455177307,comment,NationalServiceSG,True,"In camp any interaction with the outside world feels godly. Just text lah, he needs this interaction to remind him of his life outside NS believe me. My first few weeks was the worst for me mentally cuz military routine is really tough to transition into, interactions with outside friends really really helped me, even the annoying ones",agree,negative
gzm9klj_0,high_neu,neutral,0.8492314219474792,0.11297070980072021,0.8492314219474792,0.03779785335063934,comment,NationalServiceSG,False,Can i ask how do you get ur medical report? From cmpb??,agree,neutral
rdv3u2_0,high_neu,neutral,0.863196849822998,0.07361798733472824,0.863196849822998,0.0631852075457573,submission,NationalServiceSG,False,What is the training like to be a SVC MEDIC ?,agree,neutral
j9y0ufs_0,low_conf,negative,0.45970597863197327,0.45970597863197327,0.3301294147968292,0.2101646512746811,comment,NationalServiceSG,False,"hahahah paiseh bro phrased it wrongly, just wanted to know if i missed out on anyt uh",disagree,neutral
hjdoz6d_0,high_neu,neutral,0.8032155632972717,0.12855830788612366,0.8032155632972717,0.06822612136602402,comment,NationalServiceSG,False,Has anyone thought to go to your bas QM and ask the qm commander?,agree,neutral
gimuk38_0,singlish,negative,0.5074828267097473,0.5074828267097473,0.33560261130332947,0.15691453218460083,comment,NationalServiceSG,True,SAF saikang all the way 🤡,agree,negative
gggrcof_0,high_pos,positive,0.8476366400718689,0.04107153043150902,0.1112918108701706,0.8476366400718689,comment,NationalServiceSG,False,"Hahahaha it's an interesting thing taught by my BMT sgt that still amazes people till this date, even after POP",agree,positive
m5d8euj_0,singlish,neutral,0.4905104637145996,0.44790777564048767,0.4905104637145996,0.06158170476555824,comment,NationalServiceSG,True,"Sorry lah I didn't know mah, I only saw got WiFi when I entered unit.",agree,neutral
iqlufpk_0,high_neu,neutral,0.8010591268539429,0.060491081327199936,0.8010591268539429,0.1384497731924057,comment,NationalServiceSG,False,Use scotchbrite ( purple ones) for gas reg,agree,neutral
jjkh1v9_0,low_conf,neutral,0.4233623743057251,0.2177971601486206,0.4233623743057251,0.3588404059410095,comment,NationalServiceSG,False,Please do,agree,neutral
iwre943_0,low_conf,neutral,0.44846275448799133,0.27838391065597534,0.44846275448799133,0.2731533348560333,comment,NationalServiceSG,False,Act blur live longer.,disagree,negative
m3lv8ej_0,singlish,neutral,0.5507411360740662,0.10689619183540344,0.5507411360740662,0.34236273169517517,comment,NationalServiceSG,True,Got lah. Last time my buay gan PC also IPPT silver only.,agree,neutral
nn0c8pb_0,low_conf,neutral,0.39327189326286316,0.2662203311920166,0.39327189326286316,0.34050777554512024,comment,NationalServiceSG,False,lol,agree,neutral
lxy05eo_0,high_pos,positive,0.9005061984062195,0.030788201838731766,0.06870557367801666,0.9005061984062195,comment,NationalServiceSG,False,"Awesome brother, thank you for ur time",agree,positive
yojqu6_0,high_neu,neutral,0.8269190788269043,0.10604338347911835,0.8269190788269043,0.06703751534223557,submission,NationalServiceSG,False,anyone got random home visits before ?,agree,neutral
i9sop4d_0,high_pos,positive,0.8245274424552917,0.015800533816218376,0.15967203676700592,0.8245274424552917,comment,NationalServiceSG,False,hey! thanks for sharing.,agree,positive
lz1m8iz_1,high_neg,negative,0.9217789769172668,0.9217789769172668,0.06139359250664711,0.016827354207634926,comment,singapore,False,"How many said ""don't be sensitive"" about racist nets ad and then got all sensitive over the two influencers who parodied it. How many eagerly point out malaysia for being unfairly racist while justifying the local racist policies like NS or immigration as necessary and pragmatic.",agree,negative
