chunk_id,human_label,stratum,doc_type,subreddit,has_sg,wc,text
2uitud_0,neutral,random_balance,submission,singapore,False,20,Travelling before NS enlistment. I was wondering if a NS pre-enlistee is able to travel overseas before enlistment date?
hz5i36h_0,positive,positive_candidate,comment,NationalServiceSG,False,49,"If he is a gamer and you dk what games to buy for him, can consider getting a Steam gift card so he can choose what games to buy. All gamers will love that. :P I am pretty sure no gamers will complain he has too much games lmao"
nmnkgmy_0,neutral,random_balance,comment,NationalServiceSG,False,29,At 34..  The SAF won't hire you even if you're a locally born citizen..  But you can join the Singapore auxiliary police force who will hire foreigners..
gqz8hlv_0,positive,positive_candidate,comment,NationalServiceSG,False,13,Thank you! Looking forward to it especially that recon tab and jungle hat...
hvfeht2_4,positive,positive_candidate,comment,NationalServiceSG,False,26,don't worry and eat more! I actually learnt to eat brocolli during my BMT days haha so I guess train urself to eat more food.
rz4noc_1,neutral,random_balance,submission,NationalServiceSG,False,10,has it happened or anyone experienced this before? just wondering.
eoi7m02_0,positive,positive_candidate,comment,singapore,False,21,Spent the off day learning the chords to Don't Think Twice It's Alright. Now only if I can sing..
mixtzp2_0,negative,random_balance,comment,NationalServiceSG,False,22,my mom’s dead and my dad’s a deadbeat hater who lives alone. he doesnt allow anyone to live with him.
gpmstay_0,neutral,positive_candidate,comment,NationalServiceSG,False,37,"Some of the stories I know (not full details) of Tekong: 

1. The ""captain spirit"" who roams around School 1 cluster (near Apache Company), but I heard that this ""captain"" is there to protect us, pretty harmless."
ftgwzvy_0,positive,positive_candidate,comment,NationalServiceSG,False,43,"i usually talk to my family about my life at the end of each day itself, so by the time i get home i can stop thinking abt ns. maybe you shld try it. can help give u some ranting time also hahaha"
gqnpipu_0,negative,positive_candidate,comment,NationalServiceSG,False,14,https://youtu.be/9wuZwSAQsPg just watch this video regarding NFM... cringe vid though lol
ipg83hd_0,positive,positive_candidate,comment,NationalServiceSG,False,31,"Not going to uni, ain't the end of the world. But if you really want to, try getting real working experience anddddddd apply via the adult learner scheme for uni :)"
n2zwc23_0,positive,positive_candidate,comment,askSingapore,True,64,"I am also lucky that my mum has also started to understand and appreciate me wanting to just do the bare minimum in life. Won't be too specific but after I ORDed from army I literally did nothing for a whole year, savings starting to deplete so I decided okay lah time to get a job at least I got money to survive."
neo9kfd_0,neutral,random_balance,comment,NationalServiceSG,False,31,Whats your motivation to go to OCS? Is it for the bragging rights or you truly have an intention to lead and bring out the best in the people ard you?
jwyllfn_0,neutral,random_balance,comment,NationalServiceSG,False,4,Race against the wind
gir1cif_0,positive,positive_candidate,comment,NationalServiceSG,False,28,"No worries. Sorry pardon my harshness, maybe I should have phrased my comment better. You did mention some things that were right about the platoon sensor's role."
dnpbxb7_0,positive,positive_candidate,comment,singapore,True,32,"Hey at least u get to eat for free 5 days a week. :( The 3 things i look forward to during ICT is the free food, lepak and easy ippt pass. Lol."
lwd6wft_0,positive,positive_candidate,comment,NationalServiceSG,False,4,Everyone’s dream posting 😄
hoschrw_0,positive,positive_candidate,comment,NationalServiceSG,False,41,"I'm currently in NS, my slackest period is right now in Unit. I thought bmt in Pes Bp was gonna be chill, I thought I was gonna go Infantry and probably did there, since I was regraded to Pes B1."
nkyjelo_0,neutral,random_balance,comment,NationalServiceSG,False,14,Is it ur first time defaulting? First time it’s warning most the time.
ne0dfd7_1,positive,positive_candidate,comment,NationalServiceSG,False,26,"Remember back day is impt too! If you can't do a pull up it's alright, start by hanging on the bar. Progress is key!!"
ffpstgn_0,negative,positive_candidate,comment,singapore,False,32,"Yeah, I was speaking in the context of vending machines - more convenient. Hell, even my camp switched to Coke Stevia before I ORDed. No more good Coke after a xiong guard duty"
m3e3l47_1,neutral,positive_candidate,comment,NationalServiceSG,True,43,You'll hear a lot of stories about the training to give you an idea you stay well above four stories and there's only stairs. If you ooc or cmi i think you get rolled to sentry at the SOC base haha.
lwtr40y_0,neutral,random_balance,comment,NationalServiceSG,False,14,Can transfer to YouTrip then to bank account. https://youtu.be/ooR2S4OZHsY?si=sRzpADqes6bCIAoo
v2h1p0_0,positive,positive_candidate,submission,NationalServiceSG,False,65,"ORD-ing soon…. what farewell gifts would you think my men/ superiors would be happy receiving?. Gonna ORD soon after 1 year &amp; 9 months in my unit as an Admin Spec; just want to get something for those who’ve made the journey a little better with their kindness, patience and teamwork - but definitely for those that have made my NS life slightly better :-)"
hnz156f_3,positive,positive_candidate,comment,NationalServiceSG,False,35,"I previously from 06/21 IC2 operator and my life there is very good. PT only twice a week, other than that, most of the time is admin time after last parade at around 6pm."
fc789wa_0,neutral,positive_candidate,comment,singapore,False,16,Bruh i saw them at SAF ferry terminal(the one where you take ferry to Tekong)
lnwxwmu_0,positive,positive_candidate,comment,NationalServiceSG,False,5,Bp was an actual vacation.
h1d32oh_0,neutral,positive_candidate,comment,NationalServiceSG,False,21,I just don't rlly know anything about the course and training haha plus no one I know got posted there
h1l0ku6_1,positive,positive_candidate,comment,NationalServiceSG,False,19,"If you have a background in science/bio, will be a breeze. More of memory work rather than chiongsua."
hxyo6vf_0,negative,random_balance,comment,NationalServiceSG,False,87,"Well the MOs are mere uni fresh grads, so they absolutely don't know what they are doing. They follow a directive that is very predatorial and aims to squeeze as much free labor they can get a man to do no matter how unfit they are to serve, the goal is just set to exploit NSFs within their 2 years here for as much work/energy/effort that they can with nothing for them to be gained but 2 years of wasted time, money and sanity."
lhwcwp5_0,negative,random_balance,comment,NationalServiceSG,False,21,"no im not getting into bmtc because i did too well, they only take the bottom few percents of the cohort"
13k3c3a_0,neutral,random_balance,submission,NationalServiceSG,False,34,GCC - Vetos and if selected can say don’t want to be there?. If someone gets selected for GCC can you say not interested in being there? If stay on what are the vetos?
mn6olk8_1,neutral,random_balance,comment,NationalServiceSG,False,9,thanks. btw the mc is from a private psych
76h2zn_0,neutral,positive_candidate,submission,singapore,False,36,"Elusyf Global, MLM company. So recently, one my friend called me up to introduce me about a business opportunity and something about good things are meant to be shares and that we can earn money together."
jjsuq7m_0,neutral,random_balance,comment,NationalServiceSG,False,19,"Hi, isit possible if u can share what vocation are u in as a b4 who has mild asthma?"
nvady7m_0,positive,positive_candidate,comment,NationalServiceSG,False,4,Goated oc right there
hmj78y2_1,neutral,positive_candidate,comment,NationalServiceSG,True,44,Finally capped off our couple of weeks with him with a pushup position down + hold it there in FBO on gravel at Asrama after what was essentially a route march around the place with some activity stations. Fun times. It's been years sia...
hxtzbau_0,positive,positive_candidate,comment,NationalServiceSG,False,31,"i dont think ive received a letter yet though, i only got an SMS so far but i'll be sure to look out for it in my mail

thank you :)"
fncluza_0,positive,positive_candidate,comment,NationalServiceSG,False,5,It was on the 16th :)
j75tr47_0,neutral,random_balance,comment,NationalServiceSG,False,6,How long were you in for?
dw60wmo_0,positive,positive_candidate,comment,singapore,False,9,"Good enough to go outfield, good enough for me"
iaz67qr_0,negative,random_balance,comment,NationalServiceSG,False,7,"""Cos dengue cases in SG decreasing"" /s"
g0fkrgt_0,positive,positive_candidate,comment,NationalServiceSG,False,62,"In my experience, it's kind of okay if your blur, as long as you're not a burden. If you're blur, your commanders usually won't hate you if they can see that you're trying your best. My commanders (and section mates) knew pretty early on that I was blur, so they did take more time to help me."
kdtsjex_0,positive,positive_candidate,comment,NationalServiceSG,False,27,That’s a fantastic idea. You guys have all kinds of uniform codes. And yes I do have a commissioning ceremony in mind for Pte Xiao Didi 😂
ff8p3jw_0,positive,positive_candidate,comment,singapore,True,26,"You'll learn wherever you go as long as you're willing. Also, pes e still have to reservist one hor. The rules have been changed."
mk9n8a_15,neutral,positive_candidate,submission,NationalServiceSG,False,28,"One thing is for sure, when you are stricken with fear...your mind could go blank! After a few minutes I garnered enough courage to take a peek."
makdzzn_0,positive,positive_candidate,comment,askSingapore,False,16,"Yup agree with this, one of the good advice here. Got to get those endorphins man."
mcpk4id_0,positive,positive_candidate,comment,NationalServiceSG,False,17,Seconded. If anyone knows where to get the good stuff in SG I want to know lol!
nf0x6z1_0,positive,positive_candidate,comment,NationalServiceSG,False,15,Totally agree this is the best option. I also got my deferment via this options.
i0hhwyh_1,neutral,positive_candidate,comment,NationalServiceSG,False,9,"you think yours is the former, or the latter? 🤔"
jwju16x_0,negative,positive_candidate,comment,NationalServiceSG,False,30,"If you think bmt route march is bad, wait till you go unit hahahh. Ur field pack weight worsen but anyways it’s easy la close eye’s keep walking"
if0vk06_0,positive,positive_candidate,comment,NationalServiceSG,False,7,ok ah gong lets keep this going 🤓
mnd1pa9_0,neutral,random_balance,comment,NationalServiceSG,False,46,"I think you mean ""service"" (SAF, SPF, SCDF) rather than ""vocation"" (Infantry, Guards, Firefighting etc)

Previous redditors have alluded to ending up in a different service after passing IPPT so you may end up elsewhere. As previously mentioned, it all depends on where manpower is needed."
lmuxn0v_0,neutral,random_balance,comment,NationalServiceSG,False,27,"you pass them an unused pee stick, they finish peeing show you then you see whether the stick abnormal then patients ownself throw you don't touch"
ema5a01_0,negative,random_balance,comment,singapore,False,11,"Me : Encik, today can bookout early? Encik : Go and fuck spider"
mgffgt0_0,neutral,random_balance,comment,NationalServiceSG,False,38,"If you have the valid reasons listed there and you have relevant document of it. For me, I have deferred one high key due to school. I just gave them my student status letter and the academic calendar."
hk22vfn_0,negative,random_balance,comment,NationalServiceSG,False,6,ur enciks trying to smoke u
ntkqh9v_0,positive,positive_candidate,comment,NationalServiceSG,False,3,stayout vocation congrats
kiwa37s_1,negative,random_balance,comment,NationalServiceSG,False,29,And I am not a stay out I stay in and work till 10 plus everyday. I came here cause I genuinely am stressed out about my shitty boss.
1mp2e2k_1,negative,positive_candidate,submission,NationalServiceSG,False,64,"i do have some questions:

1. when will i get the letter or is there anything else i need to do

2. if i get the letter before my mc ends, am i still on mc?, meaning do i still need to stay home all the way until my mc finishes even though i have the letter? 😭

my house feels like an asylum now"
emhcfwh_0,negative,random_balance,comment,singapore,False,51,"His point is that people think that nsmen were forced into service and had no pride in doing it, and people that do serve with pride are considered as suckers. This leads to other people not being able to respect servicemen as obviously those guys don't want to be there."
jgfp1wr_0,neutral,random_balance,comment,NationalServiceSG,False,23,"Currently in the same position as you, I just put snake powder on myself and slowly cool my body down before I sleep"
inu7ys5_1,positive,positive_candidate,comment,NationalServiceSG,False,45,"Remember you aren’t alone, your peers are also in it together with you! 9 months will seem long but overall really fulfilling! Also the responsibility free life of a cadet is really not bad haha once you get that ➖, life will be very different."
clib402_0,positive,positive_candidate,comment,singapore,False,26,Don't be afraid! Congrats on completing your NS and I hope you manage to fill this half year gap with fulfilling things to do! ^whenisitmyturntoORD...
eu78wu8_0,positive,positive_candidate,comment,NationalServiceSG,False,5,"Yeap, come find me :D"
dgd9j4b_0,positive,random_balance,comment,singapore,True,28,"You ever had a BMT mate straight up tell you ""Bro, every company got one chao keng king one hor, and this company's king is me okay""?"
1jqjifv_0,neutral,random_balance,submission,NationalServiceSG,False,28,Book in to do PT immediately after end of MC. I have an MC that ends tmr (4 April) given by CGH after being sent out by PTMC.
1on1jqb_0,neutral,random_balance,submission,NationalServiceSG,False,30,"Light Duty for outfield, what is going to happen?. My MC ends today and im booking in today at 2030, but im still quite sick so im going to RSI."
gmjgru3_0,positive,positive_candidate,comment,singapore,False,68,"Well first of all, you've achieved a lot, so don't let the words of a couple of old folks bring you down. Yes they are your parents, they gave you the means to pursue the opportunities you had, but you're the one who put in the work to achieve  and make the most of then and you should be proud of yourself for doing so."
h2zhbdl_0,negative,random_balance,comment,NationalServiceSG,False,32,"Can confirm. Most of the best guys in my platoon didn't get into OCS, it's clear to me that their grades just weren't good enough to go. Quite unfortunate."
iax5w17_0,positive,positive_candidate,comment,askSingapore,False,34,Not my story but it was the most interesting story I heard. My friend went for a medic cover for BMT outfield in tekong and a recruit decided to go commando (never wear underwear).
gtxdtvk_0,positive,positive_candidate,comment,NationalServiceSG,False,23,"Nope, nothing wrong man. There's no cpf contribution and you can  do it during your weekends or if you stay out unit"
js6a45o_0,positive,positive_candidate,comment,askSingapore,False,82,"I wear SAF emart clothes at home and emart sports shoes to work and go out. Even for jeans I stopped buying Levis already.. Realised almost all other brand equally as comfortable..

Somehow I am supposed to ROD already completed all cycles but SAF seem to have forgotten about my ROD parade and watch so I am still getting emart top up every year. ![ gif](emote|free_emotes_pack|shrug)

Hell even for phones.. I stopped buying Samsung flagships and went with Oppo phones.."
ktfih0h_0,positive,positive_candidate,comment,NationalServiceSG,True,12,u ask how will life change? it will become very shiok brother
inojt39_1,negative,positive_candidate,comment,NationalServiceSG,False,21,You'll go to OES at KC3 for about 3-4 months? ( Good luck with a certain sgt there rn lmao).
hlu2fxp_0,positive,positive_candidate,comment,askSingapore,True,62,"Standby universe quite early on into BMT phase; can't remember why we kena so I'm not sure if it was just typical hazing at the start, or we really did something wrong. Come to think of it, quite glad it happened early on because we didn't really have a lot of shit to bring down to the parade square."
f8o4rmk_0,negative,random_balance,comment,singapore,False,5,tekong water is still fucked...
ln7pl1m_1,positive,positive_candidate,comment,NationalServiceSG,False,76,"Personally can't speak for School 1 since I was from School 2, but School 2 is fking solid with their book-out timings, to the point where we had no dinner indented for our 8 weeks of Found Term, and we still managed to bookout at 1630 directly after outfield. However, Golf 2IC said: 'You think about it, we let you go home on Friday before dinner, it's a nights out of its own.'"
menqgyu_0,positive,positive_candidate,comment,singapore,False,43,"yeah our ministries are helmed by ministers with interesting backgrounds…

MOH helmed by an economist, MTI helmed by an engineer, MOM and MINDEF with doctors. say what you want about shanmugam but at least he’s qualified to be heading MINLAW and MHA"
ibqa6pc_0,positive,positive_candidate,comment,NationalServiceSG,False,46,"Interval runs as well as consistent daily mileage of about 5km - 10km will help u improve immensely. Also try to optimise yur breathing pattern and cadence, this helped me shave off a full minute in about 3-4 weeks

Fastest I’ve ever run: 9:32"
i0ynbn8_0,positive,positive_candidate,comment,NationalServiceSG,False,21,"It'll take time, but you'll make friends for sure. It happens to everyone with the stage to stage reset."
lhudc1b_0,positive,positive_candidate,comment,NationalServiceSG,True,46,"Don't worry lah Bro. NS is the best time to learn and grow. Rather than worrying that you would mess up, learn to accept that you would make more mistakes, you would rather that you make more mistakes in NS than at work next time."
insw504_0,positive,positive_candidate,comment,NationalServiceSG,False,34,"Was from the batch just before you. Overall it’s a very good course, you don’t need to bring your field pack and 10 pack items as there won’t be any outfields."
fkg9j8y_1,positive,positive_candidate,comment,NationalServiceSG,False,35,"I packed my 10 pack @home before booking in. Dont stress over anything, just try ur best to learn how to lead if u get the leadership positions (LSC, LPS, CSM) and make friends there."
hsfphdu_0,neutral,positive_candidate,comment,NationalServiceSG,False,11,Imagine having to make a decision during your child hood. Lol
fsakvku_0,neutral,positive_candidate,comment,NationalServiceSG,False,28,"Only had 2, and not willing to buy one more just for confinement week. I know I won’t be using more than 2 other than that LOL."
ga67epl_0,neutral,random_balance,comment,NationalServiceSG,False,22,Already in UG (uniform groups ) so is it like training every Saturday from jan to august under rain or shine or worse ?
h1t1x0v_3,neutral,random_balance,comment,singapore,False,44,"Arguing against the order at the time, Phoon also brought up that she was a former naval officer, with a history of good conduct. She added that she had returned from holiday and was unaware of the laws requiring her to wear a mask."
h0199sl_0,positive,positive_candidate,comment,NationalServiceSG,False,31,"I agree, even for myself I will just go down to the camp and do my best without looking at the chart. Again, this is something extra for people who wants :)"
i3hko4r_0,neutral,random_balance,comment,NationalServiceSG,False,29,"paste a big plaster at ur heel if u have. if not, u can put one layer of socks as an in-sole if ur shoe isnt too tight"
fxieu9p_0,positive,positive_candidate,comment,singapore,False,35,I was in the kiddie pool during NS too. Learned a little basics about it and after BMT I started going SAFRA to swim. By the time I was in uni I was Swimming competitively.
n06ypc0_4,positive,positive_candidate,comment,NationalServiceSG,False,53,"Think of it this way, some people really love PE lessons and people like me always wanted to siam it. Go in with an open mind and arms, make the most out of everything make friends with the people who technically in a war will be your pillars and your brothers in arms."
hph8lvb_0,negative,positive_candidate,comment,singapore,False,50,"He just found what he was good at and got good. The welfare system does allow people to do that and not have the worry of "" I have to get a job in six months""

Once my reservist commitments lapse when I'm 40, will happily drop the red passport."
l5vck02_1,neutral,random_balance,comment,NationalServiceSG,False,60,"not everyone in the cohort gets to enlist in early jan, some do enlist quite late and ord later nearer the university start date. if one guy gets to start uni one year earlier than the rest of the cohort, it would be unfair to the rest what. not saying it’s right or wrong, that’s how it is"
lid8ur_0,neutral,random_balance,submission,NationalServiceSG,False,16,Will getting charged in SAF court affect me outside?. Dear all this is a throwaway account.
hd1zzvr_0,neutral,random_balance,comment,singapore,False,27,It is not like these few hundred talents being exempted from national service would make a diff. Literally just a couple of men less in each unit.
hlsxzzd_0,positive,positive_candidate,comment,NationalServiceSG,False,8,Thank you for raising awareness about this process👍
lp56h3x_0,neutral,random_balance,comment,NationalServiceSG,False,20,"ahaha sounds a little risky, i don't want to get targeted on the first day if i get caught"
nfdienv_0,positive,positive_candidate,comment,NationalServiceSG,True,9,"Walao u luckyyyyy :( thanks bro, I'm gonna die💀"
iq7oes8_0,negative,random_balance,comment,NationalServiceSG,False,21,"There’s this guy in my platoon. He’s not stupid or autistic, but his EQ level is just… shockingly low."
1pl7a4r_1,positive,positive_candidate,submission,NationalServiceSG,True,44,at first i saw tekong and i thought shag… who wants to go back tekong… but then i saw my vocation: **TOILET SUPVR** then wah cb limpeh started smiling. so now i want to know what life is like… what’s the course like?
k53ckml_0,neutral,positive_candidate,comment,singapore,False,50,"ya should be catch

I broke the WCF when it was first introduced during an ict lol. the boots, I think ppl hide them inside before, thats why now must take off and also I think metal detector cannot scan inside boots or the boots got a metal? toe cap?"
lzud8fp_1,positive,positive_candidate,comment,singapore,False,57,"But anyway, the military segment of NDP is important from a psychological point of view in order to give Singaporeans a sense of confidence and security. It is meant to make you (and I use ""you"" because I am not Singaporean) feel more secure, knowing that your armed forces are properly equipped to face threats from outside."
m5bz5zj_0,neutral,random_balance,comment,NationalServiceSG,False,67,"From what I know, the army will mail the letter to your house mailbox, and the only time the recruits will get the letter is during the field camp, where the sergeants will give it to us. There was no such thing as us receiving the letter first then having to pass it to our family members. There should be instructions on the letter so just follow."
lqr0qp6_0,neutral,random_balance,comment,NationalServiceSG,False,14,Whenever they want as long as they give you 48h of bookout a week
duuf5zt_0,positive,positive_candidate,comment,singapore,False,96,"I cried when I failed to qualify for a trip to Beijing, but then my luck turned around when I got into a trip to Hong Kong and the above-mentioned trip to Thailand. Not sure if you're a guy, but guys will all have to enlist for NS after graduating from poly. I personally made much greater friendships with the people I met while serving NS than the people I met in poly. I never thought I would actually make such meaningful friendships in NS but I guess life can really go either way."
dn76vkd_0,negative,positive_candidate,comment,singapore,False,22,Yes I totally ate a lot of ground nuts. I might have given myself a sore throat. Ippt in 2 days ._.
hcewb1y_1,neutral,random_balance,comment,NationalServiceSG,False,61,"There will be a recruitment talk during BMT where you'll find out more. You can still try C4X, not exactly sure how the selection is done, but a university placing and high clearance may help. PES shouldn't matter since C4X is the only voacation (other than MO which requires a medical degree) that accepts non PES fit commissioned officers."
jqlxhew_0,positive,positive_candidate,comment,NationalServiceSG,False,18,Since u already complaining i assume u finished bmt. This is shitty advice but it worked for me.
mffg906_0,neutral,random_balance,comment,NationalServiceSG,False,40,"The nurse at entry told me my 11B doesn't cover, then I ask her if I can use my civil service card. Then she said she check if activated or something like that, didn't get back to me."
lqw7mi9_0,positive,positive_candidate,comment,NationalServiceSG,False,7,"relax, just take things day by day"
hrw4f25_0,positive,positive_candidate,comment,NationalServiceSG,True,21,Huh first time heard parents said son Chao keng..your dad regular ? .. mine dad always said must Keng then can ORD 😂😂😂.
kaxburs_0,positive,positive_candidate,comment,NationalServiceSG,False,48,"Safti breakfast hits hard because regardless of menu, there is always bread with various spreads + toaster and ice cold milo gao. Nothing better than putting a shit ton of margarine on your bread, toasting it so it melts and soaks through, then dunking that in your cold milo."
igr491o_0,neutral,positive_candidate,comment,NationalServiceSG,False,8,We have a John wick 3 among us...
garf95c_1,positive,positive_candidate,comment,NationalServiceSG,False,27,"otherwise can just have more sessions lo, but it will still be manageable ah. generally the foot drills consist mainly of the standard stuff, sedia senangdiri, etc."
ij09fvm_0,positive,positive_candidate,comment,NationalServiceSG,False,14,enjoy the cookhouse hot food for a day then hate it the next day :)
l7yshfx_0,positive,positive_candidate,comment,NationalServiceSG,False,7,Can nvr beat Raven leads the way
ky9t3jc_0,negative,positive_candidate,comment,NationalServiceSG,False,9,"Detention barracks bro, shit once a day only inside"
i2j0zw9_3,positive,random_balance,comment,NationalServiceSG,False,16,Walk in to A&amp;E and seek help. There’ll be no problem at all.
h2fhgry_0,positive,positive_candidate,comment,NationalServiceSG,False,14,"see you bro, will be enlisting on the same day same time as you."
idjook6_0,positive,positive_candidate,comment,NationalServiceSG,True,10,Shiok lah! Enjoy! Any other concerns feel free to ask!
nhnghzq_1,positive,positive_candidate,comment,NationalServiceSG,False,10,Fine only la. In and out less than 5 mins!
im89fxj_0,positive,positive_candidate,comment,NationalServiceSG,False,15,"Yes, especially my gym friends i made in BMT and in UNIT :)

GYMBROS FOR LIFE !"
hk68ous_0,positive,positive_candidate,comment,NationalServiceSG,False,24,"Really it was just fate I went in Guards. No one really nows, I even asked the Bde Comd and he said he dunno."
gxqfsi1_0,positive,positive_candidate,comment,singapore,False,59,"Till today, even some of my mates in uni, so differentiate me from their cliques, just because I’m not singaporean (of course they don’t say it onto your face), but you can feel it. I always felt that THIS is my home, and this is where I belong, and hence I even applied for citizenship after ORD."
k0j2cp6_1,neutral,random_balance,comment,NationalServiceSG,False,37,"It's a little like trying to figure out an entire season of a show by just watching the trailers. From there, we form a profile of what might happen, or if something is safe to do. ("
kv8yju3_0,neutral,positive_candidate,comment,NationalServiceSG,False,83,"Get those quick dry type like Uniqlo airsim boxer. and if you're prepping for JSFST, then you'll want to use running tights rather then boxer, and invest in really good pair of socks..    

A friend went for the JSFST and thanked himself after getting the tights from decathlon, as he claim he'll be waking with legs wide open if he goes without the tights, and the socks cost over $40 from this shop at Funan can't remember the brand."
k6igzx_3,positive,positive_candidate,submission,NationalServiceSG,False,24,"Well, this is LTA Frost at your service. NS has been memorable few years past and I still remember those as fondly as ever."
gele54q_2,negative,random_balance,comment,NationalServiceSG,False,30,"Starts with H, ends with L, just like HELL. :P

&gt; In OCS, they will enforce the textbook on you like it's the bible and every day was Sunday."
iqs8cwn_6,positive,positive_candidate,comment,NationalServiceSG,False,28,My parents sent me to camp during book in and fetch me home during book out. These are all the things that I do not take for granted.
pfg7fl_0,neutral,random_balance,submission,NationalServiceSG,False,24,"When do I enlist? Need help.. I’ve gotten my PES Status on 15 Feb 2021 as PES E, graduated this April from ITE."
gmp66xi_0,positive,positive_candidate,comment,NationalServiceSG,False,43,"From what I hear from my friends who were pes c, it’s like a school camp. Nobody rushes you to do anything. Most strenuous activity is walking and for 50% of the time, you sit in groups singing army songs with gusto."
kxlzr07_0,positive,positive_candidate,comment,NationalServiceSG,False,23,Just be open minded and resilient. So many things are gonna go wrong so quickly but that's kinda just part of it.
k5x17ne_0,neutral,random_balance,comment,NationalServiceSG,False,15,"Combat Engineer voc tab
CSB
CSSCOM/supply base formation patch (can't remember)
SCT rank"
k3oos3c_0,neutral,positive_candidate,comment,NationalServiceSG,False,17,can’t tell cause someone ik grad poly this year April 2023 but enlist in september 2023🤷🏻‍♂️
htvcisg_0,positive,positive_candidate,comment,NationalServiceSG,False,10,All the best mate. You’ve got a good attitude
iw2peu7_0,positive,positive_candidate,comment,NationalServiceSG,False,9,female pc. not under her but she very cute
18ksyic_1,positive,positive_candidate,submission,NationalServiceSG,False,39,"I'm neither Singaporean nor male so I really do appreciate your input here. As far as gifts go, I have compiled notes for him to get a head start in studying for uni and passed my projects over."
dxq1zcx_0,neutral,positive_candidate,comment,singapore,False,68,"In the American army, In order to first be a Lieutenant Colonel, an officer must serve about 18-20 years and have completed all Key Development requirements with satisfactory Officer Evaluation Reports. Considering that the youngest ages of commission are typically 20-22, this would make the youngest Lieutenant Colonels 38-42, and therefore 43-45 before they are eligible to be promoted to Colonel. What an inspiration"
kc1oz63_0,positive,positive_candidate,comment,NationalServiceSG,False,11,"When I reminisce about army films, I think about Army Daze."
h5hybq8_0,positive,positive_candidate,comment,NationalServiceSG,False,18,"My superior is approachable which helps, hopefully they allow such a thing for me! Thx for the advice"
jni26hu_4,negative,positive_candidate,comment,NationalServiceSG,False,23,N if those fkers stare at u. Just stare at them back PROUDLY. Tat time got one aunty stare at me on train.
gch9nob_1,positive,positive_candidate,comment,singapore,False,43,"Afaik, POP usually have a march together to the parade square but cause of Covid, our intake was the 1st to do a simpler POP with no parents attandance and take pictures and such. Good luck enlisting! P.s: from Police 179th Intake"
jz7g45h_0,neutral,positive_candidate,comment,NationalServiceSG,False,19,"True story, one of them saw his encik in jb who likes to go for massage ehem, immediately kenna"
ir0c0pg_0,negative,random_balance,comment,singapore,False,18,Does mindef use similar methodology to determine how much they have stolen from us guys over the years?
hcsqpyy_0,negative,positive_candidate,comment,NationalServiceSG,False,24,"Alright, I'll try doing that. Rn im just afraid of OOT-ing to be honest so i really hope everything is fine haha"
drgn1oa_0,neutral,random_balance,comment,singapore,False,43,"Here's an analogy to help you with what LKY is suggesting (and which I think is u/cheekia's point):

You're an ordinary teacher in a school. One day, the principal, the HOD, and the admin support staff all disappear unexpectedly."
if1x8wq_0,negative,random_balance,comment,NationalServiceSG,False,32,Yea as for me not to serve NS means I migrate at 18 what? Then how go new country as a teen and do what? Only have A level cert some more.
k0p34gb_0,positive,positive_candidate,comment,NationalServiceSG,False,30,"Ur sign to start ur xmm hunting career. Jokes aside, prob pretty chill since there r rarely visits from schools besides the camps n events which u will likely facilitate"
gnifjmu_0,positive,positive_candidate,comment,singapore,True,25,"Actually looks ok leh. Idk i only eat the muslim meals, but back then also i didnt really complain about cookhouse food in tekong much."
mqicy6i_1,positive,positive_candidate,comment,askSingapore,False,54,"After that act busy behind desk and say cannot join route march etc”

POP after POP, friends younger than me shared they were impressed with the COA charisma of leading by example. Only then i said to myself he is really a lead by example soldier. Hard to find in todays senior rank soldier."
dbampz3_0,neutral,random_balance,comment,singapore,False,9,"I was from leadership batch during bmt, not mono"
ml4m47b_0,negative,random_balance,comment,singapore,False,46,she’s quite naive tbh. paying for her NS bf on the premise of a “future” since her bf wants to enter investment banking in the future. the joke is he’s near ORD and still yet to receive a firm offer from any local uni
mrjnllp_0,negative,random_balance,comment,askSingapore,False,14,The not so good. You missing out on HOME awards and annual IPPT income.
mjyuhmr_0,neutral,random_balance,comment,singapore,False,32,"You what cohort? If you secure your IPPT already, can go in earlier and focus on your soldiering skills better too, so you can get into SCS or OCS if you want."
lgyadkr_0,neutral,random_balance,comment,NationalServiceSG,False,22,Personally i would join after my diploma as there is a pay difference. Especially if there is the idea of signing on.
ky9zkx7_13,positive,positive_candidate,comment,NationalServiceSG,False,34,Yes it might be stressful while you are going through it but at the end of the day you will find a way. So why not try to be happy while going through it.
mil9ll4_0,positive,positive_candidate,comment,NationalServiceSG,False,5,ohhh i see thank youu!!
gjmcrva_0,neutral,positive_candidate,comment,singapore,False,44,"what's wrong with that? I used to take 3-4 hours nap as a kid... 2 hours nap very common now for me too.. i still sleep very well at night... lol

my sergeant in the army told me sleep is over rated"
h1mnj9q_0,neutral,random_balance,comment,NationalServiceSG,False,15,"U can drop off at the zebra crossing instead of the carpark, and just walk"
nqiq8ou_0,neutral,random_balance,comment,NationalServiceSG,False,11,"adding onto this, are sports protective goggles with prescription are allowed?"
gb62l7i_0,neutral,positive_candidate,comment,NationalServiceSG,False,27,I try to volunteer on weekends if I can with this Non-Profit that works with kids. I also pursue my passions ah like photography and videography.
eiktrfc_0,positive,positive_candidate,comment,singapore,False,46,"Ez life. Found term alot of lectures which only helps abit then on job training ( your unit which you will actually learn shit) and then go back to OPS phase ( easy too as compared to SCS) 

I’m a CQ at Armour, life is kinda ok!"
kylccns_0,neutral,random_balance,comment,askSingapore,False,22,Was currently serving national service (our form of conscription) during that year. My memory's a little fuzzy on the exact details.
gkb5qjq_1,negative,random_balance,comment,askSingapore,False,45,"Look at the NS trainings now compared to those who served in the 80s or earlier. If a NSman tells his Platoon Sgt that he is feeling depressed because his GF left him, the Sgt will tell him to go fly kite, chao geng, etc."
19c6zjd_4,positive,positive_candidate,submission,NationalServiceSG,False,81,"&#x200B;

now i have been scheduled by the office to go Camp Z coming monday for a job with a contractor. seeing that the newest colleague is planned for night standby for that day, i informed him nicely that i'd help him scan computah (i've been auto scanning any day that i'm there first for the longest time now, and frankly i can say that i am happy knowing that i minus-ed something from night standby crew)."
k0vc2hg_1,negative,random_balance,comment,NationalServiceSG,False,60,"The tests I went through to gauge ‘aptitude’ seem to assume some familiarity with the equipment, even they publicly claim that no experience is required. Yeah no experience is required to pass the test if you’re super talented; but those with prior training can pass the tests more easily without needing as much “talent” (whatever the heck that means)."
ic7npg9_0,negative,positive_candidate,comment,NationalServiceSG,True,38,"very very rich coming from someone who has been dishing out chao keng, excuses and MC advice to NSFs on reddit and knows very well the ins and outs of PCC SCC and the entir3 PES F process"
dg2l4aj_0,neutral,random_balance,comment,singapore,False,18,"Any experts here on pes status, re bmt, psychological problems and psychiatrist appointment whom i can talk to?"
j0p4atx_2,positive,positive_candidate,comment,NationalServiceSG,False,46,"Chucked to order food and plan battalion games day :o not even if the main company mission line. heard he's some reno freelancer or smth while the rest of his men have gone on to succeed :)

Amazing what 15 years of time can show you."
jjl5x8p_0,neutral,random_balance,comment,NationalServiceSG,False,14,Yes can. I brought and didn’t get fucked. May differ between companies tho
i08cnas_1,positive,positive_candidate,comment,NationalServiceSG,False,32,"Regardless, just try to take care of your physical and mental health. If you want, try to pick up something on your own like exercise, gym, reading, watching netflix series you missed."
1513s04_0,neutral,random_balance,submission,NationalServiceSG,False,58,"Severe Sleepwalking and Sleeptalking, can i downpes/OOC?. For context, I've been sleepwalking and Sleeptalking since young but grew out of it. Only in Army then it returned and to my knowledge is quite severe; i can sleepwalk to other people's bunk and talk to them, return to my bunk and wake up with no recollection."
nhqgjk0_6,neutral,random_balance,comment,NationalServiceSG,False,11,5. Not allowed unless you declare/get it cleared with MO.
hi3t6me_0,positive,positive_candidate,comment,NationalServiceSG,False,22,"Oh yeah you can also try writing, it helps for me at times. If you can use your phone don't hesitate."
es502s2_0,positive,positive_candidate,comment,singapore,False,5,"*book out, book out day!!*"
ik4p33k_0,neutral,random_balance,comment,NationalServiceSG,False,8,"&amp;#x200B;

So how do you travel then"
mo8p02z_2,neutral,random_balance,comment,NationalServiceSG,True,28,"Hand No need to be 90 degrees. This is coz the previous intake complained Water Parade so long then kena ""hand pain"" so cannot do PT next day."
h0bnxgh_1,neutral,random_balance,comment,NationalServiceSG,False,47,And we will either have to pay back the remaining 2 months (give or take) during our uni holidays or after we graduate. From what ive seen almost everybody gets approved for disruption in our circumstance but perhaps someone who has been through it can elaborate more.
hcyqrsw_0,negative,random_balance,comment,singapore,False,85,"That's because people like these live in their own bubbles. A lot of incompetent men feel that NS was the reason why their life suck, so they want foreigners to suffer the same thing as them. But they don't realize men across the world are facing the same issues (e.g. rejected by local women, lackluster career) even though they don't have conscription to delay their life by 2 years. Apparently going through NS didn't teach them that life is unfair?"
mmj7z19_0,neutral,positive_candidate,comment,NationalServiceSG,True,4,any updates sia HAHAHA
h3exitc_1,positive,positive_candidate,comment,NationalServiceSG,False,12,Make sure to treat yourself better after you ORD. It gets better.
dkxcq4z_0,negative,random_balance,comment,singapore,False,29,"Ironic isn't it, national service, to make us feel indebted to the country. ( wew, look at Singapore over there, don't you want to defend your loved ones?)."
fvt2f1v_0,positive,positive_candidate,comment,NationalServiceSG,False,27,I’m a picky eater but I actually find that the food is okay though. Takes some getting used to and it’s kinda alright after that.
exoc7p_0,neutral,positive_candidate,submission,NationalServiceSG,False,48,"Signals Summex. Hi, i’m currently in Signals IS and i was wondering if anybody knew about a possible turnout for the summex? it’s summex swiftnet and i always hear stories of 4am turnouts to commence the summex and i want to be prepared for it LOL"
kpcamic_0,neutral,positive_candidate,comment,singapore,False,17,it's still possible like my encik grandmother can still run faster than most recruits in Tekong
luq82o9_0,positive,random_balance,comment,singapore,False,56,"Sorry to hear about your experience and that many people seem to have failed reading comprehension. To me, your identified gender doesn't matter at all - the only question is whether you were conscripted and paid conscript allowance. If you were, thank you for your service and you do have it harder than us cis men."
kumeef9_1,positive,positive_candidate,comment,NationalServiceSG,False,32,That's the most experience u can get. After that you'd probably get posted to BMTC or some trainer role. Still okay ah I'd do it if I were u
ll9ozlo_1,positive,positive_candidate,comment,NationalServiceSG,False,18,Thanks for sharing. I consider myself quite a rebel so I myself am not exactly scholar material HAHAHAHAHAHAHAHA.
kbnil3z_0,positive,positive_candidate,comment,NationalServiceSG,False,12,thank you former COL Yee for the one time vetting on Tuesday
ix156tv_5,negative,random_balance,comment,NationalServiceSG,False,4,Fucking cunts. Be brave.
11r8ex6_3,neutral,random_balance,submission,askSingapore,False,27,Also overseas uni will be out for me as my parents cant afford it. I know that this requires a lot of discipline and dedication as well.
f8rkq9u_0,negative,random_balance,comment,singapore,False,14,"Survivor of national service

Survivor of scolding by teacher

Survivor of PMD infested walkways"
llg3la3_3,negative,random_balance,comment,NationalServiceSG,False,38,"In fact in some of the comments I've explained why I did not like the vibe (similar to ""attitude""), at some of these schools and places. I didn't realise that I was exhibiting some attitude too."
1b2m4dn_1,neutral,random_balance,submission,NationalServiceSG,False,35,Also can we ask polyclinics for referrals to get a second opinion? I may be going for a surgery and only have 1yr to ord so trying to move things faster. Thanks for your help 🙏
hvs5fo8_0,neutral,positive_candidate,comment,NationalServiceSG,False,5,Gone since I enlisted xd
hcbt0i0_2,positive,positive_candidate,comment,NationalServiceSG,True,50,practical tests oso just don do stupid shit can liao. on the bright side daily got like almost 5hr admin time but a lot ppl just use to toh. minimal pt oso so can relak ik my bp frens all like gain back their tekong Ls during the 3 months
hnpmwhv_0,neutral,random_balance,comment,NationalServiceSG,False,35,"Its 5050 for most ppl, but as we all know, universally for everything in life to do with service especially, it is easier to hate, whine, complain than the other way round. Criticisms &gt; compliments"
n02gv2x_0,neutral,random_balance,comment,NationalServiceSG,False,17,You stay in there too long like 10 years hard to get out. 3-4 years enough.
hipsvc4_0,positive,positive_candidate,comment,NationalServiceSG,False,28,"Glad you're adjusted to Tekong life. Just take everything step by step, don't think so much, and try to form a routine for every night/morning."
mpmcm7l_0,neutral,random_balance,comment,NationalServiceSG,False,13,My friend ex fire arm but he was a SA in tekong also?
ihketk3_0,positive,positive_candidate,comment,NationalServiceSG,False,16,"On behalf of everyone here, I thank you for your service. Furthermore, a guardswoman to be."
k6xzr68_0,neutral,random_balance,comment,NationalServiceSG,False,45,"I'm pretty sure that cdo has ptp batches, cuz my poly friends who didn't pass ippt had to go in in May, whereas those that passed went in in July and ended up in the same batch of cdo. They all POPed tgt."
ilaw3ic_0,positive,positive_candidate,comment,NationalServiceSG,False,39,They will try to let everyone do at least once to let them experience. My coy made those who didn’t do guard duty during BMT to do sentry during BMT field camp. BMT guard duty very fun one.
mr482xl_1,positive,positive_candidate,comment,NationalServiceSG,False,31,"Not saying that they are lousy, but our military is small, and thus even smaller the pool of military musicians. This is the best we got, and we should be proud."
dx8jkx8_0,neutral,positive_candidate,comment,singapore,False,24,"&gt;Wet tissue lovers of sg, there’s this looney tunes wet tissue selling at $1 at Value$

If outfield week I sure whack"
g4xgfq7_0,negative,random_balance,comment,NationalServiceSG,False,49,"I think it's bull if anyone says they don't care about ranking or promotion. These are the type of people who played a little too much when they are junior spec, however as the year pass, they will become very bitter when their peers out pace them."
nw605ui_0,neutral,positive_candidate,comment,NationalServiceSG,False,3,guards considered marines ? 😂
h1oyz5u_3,positive,positive_candidate,comment,NationalServiceSG,False,61,"6) Assisted in organising formation atheletics meet. 7) Assisted my OC in organising VVIP ushering during NDP (MP, ministers, PA VIPs etc)  
8) Had command jeep at company line for moving around camp, the MTO was my poly football kaki haha. Was fun for me thinking back but like I mention in the beginning, its vastly different for every one/unit."
lhjn40i_2,positive,positive_candidate,comment,NationalServiceSG,True,20,"Not bad laa trust. Confirm will be shag but bopian lor just go through it, don't be too negative"
n5zeh57_0,positive,positive_candidate,comment,NationalServiceSG,False,10,"Alright, thanks everyone for your help, I will declare it :)"
cf3xvc_0,neutral,random_balance,submission,NationalServiceSG,False,9,Beret seasoning. How do yall season your beret's?
l4jzt8v_0,neutral,positive_candidate,comment,NationalServiceSG,False,10,Expect to do what u are supposed to do. Lol.
18ebffw_0,neutral,random_balance,submission,NationalServiceSG,False,7,Welfare good? using wall plugs in tekong
hxt8msf_0,neutral,positive_candidate,comment,NationalServiceSG,False,16,Oh okay ummmm hope that they don’t push me down to may intake or sth 🙃
jwcx4zn_0,neutral,random_balance,comment,NationalServiceSG,False,18,"why national dental centre need to pay upfront, i thought all govt hospital/ dental clinics can use 11b?"
mh012fu_0,positive,positive_candidate,comment,singapore,True,23,I used to hear all the stories from my seniors enciks that sometimes they'll book out on sat morning. Wah heng ah
kx6xbd5_0,negative,positive_candidate,comment,NationalServiceSG,False,12,prob can raise the funds if they cut ministers 1 mil pay 😯
gytlyic_5,negative,positive_candidate,comment,NationalServiceSG,False,12,Be kind and supportive to your fellow soldiers. It's all showmanship.
i644j9e_2,positive,positive_candidate,comment,NationalServiceSG,False,14,Process is quite fast. You can PM me if you have any more questions.
1as2bei_2,negative,random_balance,submission,NationalServiceSG,False,56,It's mind numbingly tedious to act cordial with toxic regulars and i dread having to put up with their nonsense over the most menial things. I wouldn't mind serving so much if the environment i worked in had a positive atmosphere or at least reimbursed me adequately for the shit i put up with.
hr75scu_5,positive,positive_candidate,comment,NationalServiceSG,False,45,There’s combat circuit which frankly no one likes but I later understood why I had to do it and the PT sessions which I hated. I think the key to pushing through the 2 years as an infanteer is finding your motivation and purpose.
m5i188m_0,positive,positive_candidate,comment,askSingapore,False,15,"First day BMT 86KG, buibui, not good

Last day BMT 68KG, very handsome, ladies man"
hvu442g_0,neutral,random_balance,comment,NationalServiceSG,False,46,"well some people dont have the privilege of other citizenships and have to live/visit singapore for  the sake of themselves/family so the ""skip NS by nvr coming back"" option isnt viable for them. making full use of the 2 years is also very subjective."
16631az_1,positive,positive_candidate,submission,NationalServiceSG,False,90,"im not a singaporean lol

he mentioned he got army, which i assume is armed forces but do correct me if im wrong.. so what can he expect? i know it won't be a kind experience so what does he have to look out for? the training, the people there...and as a girlfriend, what can i say other than ""you'll be okay"" etc etc. someone told me to post this here, so im sorry if this question is stupid lol,,excuse some grammar mistakes lol, thank youuu"
14s4qch_0,positive,positive_candidate,submission,NationalServiceSG,False,64,"PROS AND CONS OF BEING IN OCS. Like the title says i’m curious what is like to be in OCS, pros and cons for the long run and just wanna make the most out of my NS time. Hopefully those who are currently in OCS and ord’d as an officer can help, thanks guys! Hoping to hear some tips and tricks too!!"
ix2fesx_0,positive,positive_candidate,comment,NationalServiceSG,False,18,"sorry to hear that man, I hope they find smthn soon and get u back to combat fit"
n2c5emu_0,neutral,random_balance,comment,NationalServiceSG,False,25,Oh i thought from year 2 onwards if you fail IPPT still need come back to do NS fit in year 3…. Don’t need?
akcj95_0,neutral,random_balance,submission,singapore,False,24,"SAF Safety Time-out. Currently in BMT, sergeants confirmed that the timeout is until 6 Feb. Do other units differ from this date? Reactions?"
ksn5gvu_0,neutral,random_balance,comment,NationalServiceSG,False,74,Most hospitals have quite a long waiting time unless your condition is urgent. But you can always bring forward your appointments by calling them to check if there are any available slots on the day itself or in a few days. Some people cancel their appointment last minute so there’s a chance you can get an open slot on the day itself. The best time to call will be early in the morning.
na8dfsw_1,positive,positive_candidate,comment,NationalServiceSG,False,18,"not sure about unit but not during aiscc itself 
3. i forgot ah but its prolly chillax 
4."
hzx2ooz_0,positive,positive_candidate,comment,NationalServiceSG,False,18,Hmm makes sense. Ig I’ll go watch some videos on YouTube to learn the proper form. Ty!
k0pvqne_0,neutral,positive_candidate,comment,NationalServiceSG,False,6,I want to wear the hat
hdp15vc_0,positive,positive_candidate,comment,singapore,False,32,"Actually what’s so bad about NS, ICT, etc ah? I actually look forward to each round of ICT cos it’s like a good change of pace from everyday work routine."
h32fddg_0,neutral,positive_candidate,comment,NationalServiceSG,False,17,Don’t worry too much abt it just try your best mostly is sit test and ippt…
jn4uljy_0,positive,positive_candidate,comment,NationalServiceSG,False,5,Looks cool yes. Wearing it?
dx0e304_0,neutral,random_balance,comment,singapore,False,18,"If u do more than 500 pushups during bmt you will go scs, more than 1000 then ocs"
hg2zwaz_0,neutral,positive_candidate,comment,singapore,False,34,I wish I was back when I just ord so I can stick my pink IC on my forehead and send to my understudies still serving and tell them vaccination give me early ord
m1u0yls_0,neutral,positive_candidate,comment,NationalServiceSG,False,21,"15 mins first week ptp -> 11min first week bmt

ran like 4 times a week each run ard 30mins 4km ish"
it7i9x7_37,positive,positive_candidate,comment,NationalServiceSG,False,43,"With the discipline and regimentation I practised for 10 years, I left and became so much more. Discipline gives u the mentality and grit to soldier on to practise, learn and get things right, no matter what's the subject u are tackling."
ghc3o1x_0,neutral,random_balance,comment,NationalServiceSG,False,21,You will be refer to Singapore Changi Hospital instead of the skin centre. The waiting duration probably a month or so.
e7a00j4_0,positive,positive_candidate,comment,singapore,False,44,"My unit was pretty chill and my vocation as a pioneer, aka man, made it even more so. I am just about to ORD and I can tell you that I’ve spent a full year total doing nothing but eating, sleeping and shitting."
ip12ipc_0,negative,random_balance,comment,NationalServiceSG,False,6,Even the last time suicide cases?
k7vqjkt_0,neutral,random_balance,comment,NationalServiceSG,False,7,Can slowly find in post secondary school
ebmz2n5_0,negative,random_balance,comment,singapore,False,38,Depends on how delusional your encik is. My OC told us straight that our entire strategy is to hold our own for up to 3 days until USA arrives and helps us. Anything longer and we are fucked.
h1dtv63_0,neutral,random_balance,comment,NationalServiceSG,False,44,"Disobedience of general orders for a breach of the security act (forgot which annex and paragraph), either 7 day sol per photo/charge capped at 28 days or a fine ($50-$100 per photo depending on how vindictive the manpower officer/oc  is feeling"
m3d3d7f_0,neutral,positive_candidate,comment,NationalServiceSG,False,19,"If you're legit, there's a SOC like playground at discovery centre that includes a small Jacobs ladder!"
mwnt1ee_0,neutral,positive_candidate,comment,NationalServiceSG,False,24,Ya i spent a hell lot at the range once. I mean it was for my birthday so didnt really look at price much
ie4t9fp_0,neutral,positive_candidate,comment,NationalServiceSG,False,14,But he has 2 more chances and they say third time's a charm
i5u6jm2_1,neutral,random_balance,comment,NationalServiceSG,False,27,And they will most likely just nag at you to wear your headdress properly form now on. Nobody is gonna punish anyone over sth simple like headdress.
fnsgt32_0,positive,positive_candidate,comment,singapore,False,30,What... all gedong cookhouses were lightyears ahead of bmt school 2 imo. Roti prata fish and chips mutton curry sambal luncheon meat to name a few of my fav meals
nxw0l1_0,neutral,positive_candidate,submission,NationalServiceSG,False,35,OCS Alpha/Echo Wing CLM IPPT. just wanted to ask if anyone knows if Alpha or Echo wing conducts IPPT using Eliss system or manual count? because you know.. it makes a lot of difference 😬
jrwrfql_0,neutral,positive_candidate,comment,NationalServiceSG,False,26,"Basically to know when to evacuate the casualty when they report sick doing their activity haha, at most give IV only. MO only deals with medicine."
hr5yiye_0,positive,positive_candidate,comment,NationalServiceSG,False,7,"Alright! Thank you so much, appreciate it!"
m6wg4u8_0,positive,positive_candidate,comment,NationalServiceSG,False,62,"Uh, not sure about PES affecting gym. Where I’m at (not disclosing for obvious reasons), there is no restriction… just need to sign book to say you come in n out. Ya I’m pleased to know that Buddhist is right🙂let your section commander / platoon commander know very quickly n see what they can do for you

All the best!"
ir0yvlk_0,neutral,random_balance,comment,NationalServiceSG,False,10,Honestly only rain then got smell. No rain no smell
jvkkeja_0,positive,positive_candidate,comment,NationalServiceSG,False,15,"Thank you for great advice. Some questions

1) can I really bring my own blanket?"
h42ldaz_0,negative,random_balance,comment,singapore,False,30,"&gt; Keng culture makes all the fit people suffer more

Even the fit people should give SAF the finger and downpes so the shit org will stop wasting their time"
eic31iq_0,neutral,positive_candidate,comment,singapore,False,21,Well my medical record show I have an Eye surgery when all I went for was an X-ray lmao (freedownpes)
d5lw9cn_1,negative,random_balance,comment,singapore,True,60,"Open road is just dying for a DO, Coy CO, Bn CO, random encik to arrow only Don't hang around those people too long, lest you become dumb too. ಠ_ಠ

Anyway, just get your specialist to write a letter, got to be strongly worded. Bring mummy, daddy, ah ma, ah gong, gf, great grandparents urn along if need be."
mmcpiwv_7,positive,positive_candidate,comment,NationalServiceSG,False,63,I still regularly look back to think of what could have been since I had a dream and goal for 2 years which didn’t happen. A person like me isn’t fit to lead men that’s what I think to myself. But my journey so far has let me learned much about myself and how I could improve for the future.
1oi1lub_7,neutral,positive_candidate,submission,NationalServiceSG,False,22,Don’t risk heat injury — refill your bottles whenever you can and keep sipping. 🚫 And don’t hold your bladder or bowels.
ftd86cs_10,neutral,positive_candidate,comment,NationalServiceSG,False,32,Fitness is important if you wish to excel and pass everything like a breeze. My take is to start training hard now. Training hard also means training smart and understand your body.
hp547ub_0,positive,positive_candidate,comment,NationalServiceSG,False,36,Not yet i have my first appt early nxt yr. Im an ASA in the same building and so far the stories i hear and the interactions i've had is that they are nice ppl
jar9ety_0,neutral,random_balance,comment,NationalServiceSG,False,14,"Technically, NSmen benefits from tax relief. Though the extent is i believe very marginal."
e12uz66_0,positive,positive_candidate,comment,singapore,True,17,Relax lah PSE E do not need take IPPT one . Just go there and study army staff .
eu292ox_0,negative,random_balance,comment,singapore,False,32,Well for one the state-sanctioned commodification of conscription tropes and military jargon (ie. the entire ABTM franchise) surely didn't help preserve the military's status on some sort of pedestal.
f7xqv65_1,positive,positive_candidate,comment,NationalServiceSG,False,18,Don’t worry you’ll get better in time. Combat fitness and normal fitness is not the same.
fmsa7nq_2,neutral,positive_candidate,comment,NationalServiceSG,False,22,This will allow you to brush up on the areas which you might have left out due to carelessness. Hopefully this helps!
zoup35_4,neutral,positive_candidate,submission,NationalServiceSG,False,45,"Is there anyone who was in the same situation as me to can advise me on how I should continue-? Anyone with any tips or wise knowledge to impart to me would be nice too HAHA

&amp;#x200B;

You can PM me if you want!"
kfte59s_2,neutral,positive_candidate,comment,NationalServiceSG,False,33,"In unit, once the soldier has more freedom (including commanders) they start to become pickier. Going to canteen. Going for canteen breaks, waiting for RO then go out for supper or order grab."
12waiu3_0,neutral,positive_candidate,submission,NationalServiceSG,False,7,signing on to scdf as rota commander
i0ia2kt_0,positive,positive_candidate,comment,NationalServiceSG,False,42,"Enjoy your time at NMI (the free wifi, the sleep, ice cream wednesday etc.). Once you're posted onboard ship, you'll never able to enjoy such freedom. The tests are fairly easy and it is almost impossible to fail (no cap)."
gk7za84_0,positive,positive_candidate,comment,NationalServiceSG,False,40,"Just my two cents worth. Facilities wise,OCS is good.they will drill into you that you are there to be grilled and trained as a commander
The training will really built up your real physical fitness and combat fitness."
jw5jlyw_0,positive,positive_candidate,comment,NationalServiceSG,True,22,Shiok life. I had a friend in mbtc2 which used to be in JC2 located in the same building as my unit.
lk0blzm_1,neutral,positive_candidate,comment,NationalServiceSG,False,29,"I literally know the son of a billionaire in Singapore who served in SCDF. From a good school, no foreign links, father has a good reputation. It is random…"
i0ly7m_1,neutral,random_balance,submission,NationalServiceSG,False,40,I was wondering how much of my ns can I disrupt for university studies as so far the information available online is inconsistent with some saying 2 months while some 3. Can anyone share how much I can actually disrupt?
ghdjgm7_0,positive,positive_candidate,comment,NationalServiceSG,False,19,Thanks bro :) is just a humble story of mine :) I believe everybody struggles too :) wishing you all the best :)
jstknbc_0,negative,positive_candidate,comment,NationalServiceSG,False,13,What do you mean by worth doing? Do you have a choice lol?
k2exoow_0,neutral,random_balance,comment,NationalServiceSG,True,33,">As kranji has no space due to the influx of pes c/e stay out will only get a chair

Oh isit? I was there in July I still got a bunk leh"
hqrfysi_11,positive,positive_candidate,comment,NationalServiceSG,True,9,"&amp;#x200B;

Don't worry. B3/B4 legit lepak."
i8ocvhc_0,negative,random_balance,comment,NationalServiceSG,False,26,"I see that some things never change, the packed af schedule still remains a hallmark of the 2SIR BMT experience. Source: Was from the previous mono"
j90141q_0,neutral,random_balance,comment,NationalServiceSG,False,17,"Do you have an additional insole? If not, can try using it to see if it helps."
n7epzh4_0,neutral,positive_candidate,comment,NationalServiceSG,False,27,"Got this American dude, mind u he’s a few heads taller than me. Ran up to me from the back, tapped me and called me sir."
i6427la_6,negative,random_balance,comment,NationalServiceSG,False,25,"sad to say but many companies still look at your NS transcript &amp; testimonials. if you're a trooper, most can only dream about it."
1dfkd3z_0,neutral,random_balance,submission,NationalServiceSG,False,69,"Do I have to do reservist as a PR if I live in another country and have citizenship there. Hi currently a singaporean PR and going to serve NS soon. After finishing NS If I obtain citizenship in another country and live there, as a singaporean PR do I have to come back to do reservist? And also  is it possible to still visit the country without doing reservist"
ibfy9f2_0,neutral,positive_candidate,comment,NationalServiceSG,False,8,R u enlisting on 15 Aug too haha
irv4dqq_0,positive,positive_candidate,comment,NationalServiceSG,False,6,i wholeheartedly declare support for this
iqyw3s9_0,neutral,positive_candidate,comment,NationalServiceSG,False,10,Not a big spender so I save about 70-80%
iloaiuq_0,neutral,positive_candidate,comment,NationalServiceSG,False,11,"""2 years beri fast one""

- your parents and uncle auntie, probably."
fayodwl_0,positive,positive_candidate,comment,NationalServiceSG,False,26,"You could check out [SteamedChickenRice's post](https://www.reddit.com/r/singapore/comments/acp8bz/steamedchickenrice_guide_on_bmt/) on BMT, helped me out a ton for my enlistment"
k7kmglc_0,neutral,positive_candidate,comment,NationalServiceSG,False,13,The kind of story you'll write when you're super super bored
jzmpgom_0,positive,positive_candidate,comment,NationalServiceSG,False,51,"Welcome to beautiful Sembawang Camp! after 8 months, you will become a CQ (read: storeman sergeant)

You will be spending 9 weeks at Sembawang Camp for the first phase of your training. Basic R&D is expected (since you're in command school) but overall will be more chill than BMT."
1davbh3_0,neutral,random_balance,submission,NationalServiceSG,False,30,Has anyone seen a NSF officer pump an encik before?. hella curious to see if an NSF 2 bar got try pump WOs before or not... would be hella funny
h90c4i8_0,positive,positive_candidate,comment,NationalServiceSG,False,79,"I mentioned this before a post on a post I made and I would like to preface this by saying that I view NS as necessary for our country and I came into NS with a positive mindset, to do my best and have a unique experience, and not with the ""waste of time"" or ""serve than fuck off"" type of attitude. But I would like NS to be shorter, say around 1-1.5 years would be nice."
itgre6e_0,positive,positive_candidate,comment,askSingapore,True,29,Wah tbh the army shirts are really the best fitting shirts. But then I don’t want to keep walking around looking like my bf just enlisted in bmt
h43uzf3_0,positive,positive_candidate,comment,singapore,False,16,I hope I can serve my extra at home also. I would even sign extra extra.
ghe4l81_0,positive,positive_candidate,comment,NationalServiceSG,False,10,Thank you for your service :) wish you all the best :)
ftdqkpy_1,positive,random_balance,comment,singapore,False,73,"Then, grant it to them. By doing this then every suicide victim will have the help they need, and at least all options were exhausted before they were allowed to die in dignity. And if our mental health professionals are confident suicidal patients can be cured, then, technically, this should prevent suicide and reduce suicide in Singapore. [https://www.bbc.com/news/world-europe-48541233](https://www.bbc.com/news/world-europe-48541233)"
dh43j1t_0,negative,random_balance,comment,singapore,False,35,Interns at Facebook in CA are just paid as though they were full-time employees. CA also has high taxation and high rents. Even the original article doesn't take cost of living into account.
h84y6mi_0,negative,positive_candidate,comment,singapore,False,11,Welcome! We love foreigners and will serve National Service for YOU!
xgbkyd_0,negative,random_balance,submission,NationalServiceSG,False,58,"I'm done being nice to people who don't appreciate it.. These people tend to have huge egos, are completely self serving and hypocritical. They might even think you're racist for not helping them when they also treat you like shit but in reality you're just judging them for their character and not their race."
g0inwf2_0,neutral,positive_candidate,comment,NationalServiceSG,False,19,"head to ur 10pack accessories pack bro, there is a pack of bootlaces inside, dn to rebuy boots HAHA"
ne5445x_1,negative,random_balance,comment,singapore,False,37,"This is ""cyber impersonation"", most likely aided with spoofing of the phone number, AI driven deepfake picture or stolen picture AKA identity theft. Still as cyber as it is. With motive to inflict damage to SAF reputation."
jwja1kk_0,positive,positive_candidate,comment,NationalServiceSG,False,5,Better than infantry ah bro
mslhn67_0,positive,positive_candidate,comment,NationalServiceSG,False,12,"As long you have done your part, there's nothing to worry."
inal1m4_1,negative,random_balance,comment,NationalServiceSG,False,28,Jokes on me to decline a Pes F but im generally a person who's ups. Just my body itself failing to work like it's intended to.
ryqh68_5,positive,positive_candidate,submission,NationalServiceSG,False,7,It be great to see replies. Thanks!
hhvy33w_0,positive,positive_candidate,comment,NationalServiceSG,False,15,I just made and posted the RSAF beret! You can check out my new post :)
n3yzvlq_0,neutral,positive_candidate,comment,NationalServiceSG,False,24,Sleep at own home’s bed in your own personal space and privacy is always better than sleeping in camp bunk with other people
efwpdoc_0,neutral,positive_candidate,comment,singapore,False,80,"&gt; ""I even enjoyed the residential training and things like booking out (leaving for home after staying at camp for a period of time) and getting dirty."" &gt; Maj Oh, the assistant director of the force's EMS Readiness department, was the first paramedic to be ""cross-trained"" as a firefighter in 2005. &gt; She currently oversees the force's EMS tiered-response framework, which was implemented in 2017, and deploys resources according to the severity of a medical incident."
h1xqbgk_0,neutral,positive_candidate,comment,NationalServiceSG,False,8,After training period over then more free time
kywlbrd_0,positive,positive_candidate,comment,NationalServiceSG,False,7,thanks pigeonjizz! all the best in scs :)
gx3oa7b_1,positive,positive_candidate,comment,NationalServiceSG,False,26,"When you book out, do the things you like, talk to your close friends. Find an outlet where you can relax/ relief yourself of the stress."
n9q5v0u_1,negative,positive_candidate,comment,singapore,False,57,"So I was standing all alone half falling asleep when suddenly a very chilling wind past me followed by a whisper...

你不想活了吗？(You don't want to live anymore?) Knn I woke the fuck up and ran to the restroom to find my buddy. Didn't say a word to him cos needed to borrow his 'flame'"
iyv6jsf_0,neutral,positive_candidate,comment,NationalServiceSG,False,14,Lol js smirk at them and dont say anything else. Theyll be confused asf.
jp1zpbg_0,negative,random_balance,comment,NationalServiceSG,False,32,Brother I see your chain responses and I think you have some issues to validate your pes f already. Good luck in DB and update us on your ex-con life okay?
lyk7w6k_0,positive,positive_candidate,comment,NationalServiceSG,False,22,Came from a WO company in BMT. I can agree with this 💯. Very efficient = more resting time for them and the recruits.
ixladpb_0,negative,random_balance,comment,NationalServiceSG,False,6,Lan lan suck thumb i guess.
hxokvsy_7,neutral,random_balance,comment,NationalServiceSG,False,26,"Ah guys tomorrow morning ownself do 5BX, after that go breakfast. I think I only coming in at 10am... we meet 1030am at the LT thanks."
ijynnrk_0,positive,positive_candidate,comment,NationalServiceSG,False,134,"I am PES E9 (mild Asperger's). I would have been exempted from NS from the start because they gave me a choice but my father was sitting beside me at the time so I couldn't really refuse. That being said, I still think BMT was a blast overall as I met a lot of new friends there and most of the time we just slept in bunk (this was during the early days of covid)

As for converting experience to private industry I would say that if you literally have zero knowledge of how office life is this is true, but if you have worked or interned in an office before it won't really add much as NS office life is dealing with more sensitive things than in the private sector."
mpfgzo0_0,positive,positive_candidate,comment,singapore,False,36,"Will never forget the time GCT in ORD mood surprised everyone by telling the whole story in detail at National Day Rally, then said ""I must be suffering from amnesia. I just cannot remember this incident!"" 😂"
k22wctu_0,neutral,positive_candidate,comment,NationalServiceSG,False,22,Yeah this one quite standard. I called it the shake. They grab the top of the cupboard and shake it all out.
ecgal7d_0,positive,positive_candidate,comment,singapore,False,5,I live for Tekong cats...
nxf0k8_1,neutral,random_balance,submission,NationalServiceSG,False,30,I understand alot of members wondering what really happen as I receive request to pm or ppl pm me. I won't be replying to all this request from now.
169qdxn_0,neutral,random_balance,submission,NationalServiceSG,False,6,wondering if pes e9 100% clerk?
ghxm26u_0,positive,positive_candidate,comment,NationalServiceSG,False,46,"Thank you for explaining about the RO part, I was a recruit and now a men I didn’t understand what the specs went through. Thank you for giving us a glimpse of it. If only I have you as my PC that would be great"
m3olh3v_0,neutral,random_balance,comment,NationalServiceSG,False,60,"Best to check with your commanders rather than asking on reddit. For my case, my PCC appointment was in the afternoon but my commanders allowed me to go to PCC straight from my house without booking in in the morning. Otherwise, I would have to book in in the morning and book out in the afternoon and head towards PCC."
cm0door_1,neutral,random_balance,comment,singapore,False,51,"That being said, family background can count in a different way. My bmt sergeant said there was a case where a guy got coy best at first (coy best gets to go OCS) but because his grandfather was in jail before, he lost it to someone else. Went to SCS instead."
ki8hatu_0,negative,positive_candidate,comment,singapore,False,17,Lmao even MINDEF don’t call back all eligible Singaporeans at once for reservist. Somehow this can?
kvdm7w1_0,neutral,random_balance,comment,NationalServiceSG,False,12,"Reservist nobody wants to wear beret, everyone chose to wear jockey cap."
inq1ds2_0,positive,positive_candidate,comment,NationalServiceSG,False,24,"No confinement, bookout every Fri, GL on getting to a welfare coy ( echo, hotel, golf sometimes) pray don’t get Mohecian or knights. Atb"
m4hqlfo_1,positive,positive_candidate,comment,NationalServiceSG,False,49,"It is important to seek your commanders approval and let them escalate accordingly. Understand that you might feel behind your peers , but trust when i say , u have to be prepared to be mentally shagged esp if u havent done a work + study hectic schedule before. All the best!"
d8kct2b_0,neutral,random_balance,comment,singapore,False,14,They did not call me for ICT in 2014 &amp; 15. Quite random really.
im4h0th_0,neutral,positive_candidate,comment,NationalServiceSG,False,17,"They need to promote x number to be officer x number to be sgts, scholar batch haha"
hu4g0vq_0,negative,random_balance,comment,NationalServiceSG,False,69,"differs from unit to unit, if cdr never ask to endorse, then don't need. act blur live longer. afaik, endorsing mc is only usually done by commanders who want to make life difficult for you cause got chance MO have a different judgement compared to your doctor outside (i.e no need so many days mc, can resume training etc = possibly cancel mc, reduce mc or revoke excuses)."
ge8a6x0_0,positive,positive_candidate,comment,NationalServiceSG,True,8,Upz lah this one solid r/s advice
hom4il4_0,neutral,positive_candidate,comment,NationalServiceSG,False,41,"I consume coffee two ways:

1. That Nescafé freeze dried shit straight into my canteen, shaken not stirred and just down the whole thing for a combat caffeine fix

2. Pour over coffee, A buddy of mine introduced me to it."
m2sz2n9_0,neutral,positive_candidate,comment,NationalServiceSG,False,11,Aiya why delete I just wanted to read a bedtime story🤡
itfbfdd_2,positive,positive_candidate,comment,NationalServiceSG,False,68,"💪

Whether things were a waste of time or not, it all depends on your own mindset, controlled by yourself. Anyway, there's no escaping this NS liability from the moment you were born in Singapore, why not make the best out of it, whether it's a good looking body, a stronger mind, leadership skills, operating a firearm, drive a vehicle.. I sincerely hope u find your way! 👍"
ho8pzp5_6,positive,positive_candidate,comment,NationalServiceSG,False,32,"If the thought of army affects you, try to do away with it for a while. Start thinking positively whenever you meet new obstacles, take it as an opportunity to buff up."
imx0eci_1,positive,positive_candidate,comment,NationalServiceSG,False,48,"But fret not!! It gets better, with some good friends and finding a rhythm with the routine. Book in blues are real (even ur commanders feel it &amp; ofc ur platoon mates) just make sure to ask about things when ure unsure, be it ur buddy or commanders"
jnhwjzu_0,positive,positive_candidate,comment,NationalServiceSG,True,37,"sometimes is liddat, one of my best buddies in bmt ippt 93 posted to be transport operator. Dw too much, u get to learn how to drive + possibly convert licence if you hit mileage requirements in unit"
g57tp4m_0,positive,positive_candidate,comment,NationalServiceSG,False,21,"I had 18 day confinement too, it’ll feel horrible the first few days but it gets better. Just push on :-)"
eikivnn_2,positive,positive_candidate,comment,singapore,False,39,"By joining now, you may have things to catch up on compared to your fellow platoon mates that have done their BMT with Guards right from the start. Learn from them and ask for help if you are lost."
nr19p49_0,negative,positive_candidate,comment,NationalServiceSG,True,31,"I got a wellness check once, where the encik was like ""Just nice eating nearby, might as well visit you lor"" when I was on mc for 2 DAYS ONLY HOR."
gegf7ty_2,neutral,random_balance,comment,NationalServiceSG,False,20,"2.) It really varies from year to year, for my batch it started with 100+ , ended up with 50+

3.)"
k19fbi1_1,neutral,positive_candidate,comment,NationalServiceSG,False,53,"I had former servicemen who entered workforce, worked for a few years and decided to sign MDEC and joined us for training. While they were not close to their prime fitness, they definitely held their own. After CLM/Service Term they went their own ways and are succeeding in their own right honestly."
i8ow8by_1,positive,positive_candidate,comment,NationalServiceSG,False,69,"But of course there are good times. And im lucky to have a few superb troopers that i can trust, they have this sort of alpha vibe that everyone just listens to but unfortunately cmpb fcked up and didnt put them through command sch... I was posted in as a unit commander, that meant I didn't know all of them who already knew each other from mono bmt."
ji50asg_0,neutral,random_balance,comment,NationalServiceSG,False,20,i’ve checked my singpass and there isn’t any updates so i’ll call cmpb. Thank you for advising!
k1ofzjh_0,positive,positive_candidate,comment,NationalServiceSG,False,8,Actually this is phrased much better than mine.
e7m4pu9_0,neutral,random_balance,comment,singapore,False,22,"It's basically a ""direct entry"" into a vocation. So that means you will know your vocation the day you start BMT."
l8b0caw_0,positive,positive_candidate,comment,NationalServiceSG,False,46,"As long as you share the same sweat and tears of the constant 2-pt-a-day shenanigans for 5 months, you'll bond well. You will never know friendships will born after a good 3 sets of metabolics circuit followed by a 4km run/jog"
eq57ucb_0,neutral,positive_candidate,comment,singapore,False,51,"This year’s Shanghai-la dialogue actually saw pushback against the US, rather than the usual browbeating of China’s activities in the SCS. Fascinating to see how Mahathir goes from warning against a “new kind of colonialism” in front of Li Keqiang’s face to embracing Huawei through and through."
gwd0hr0_2,neutral,random_balance,comment,NationalServiceSG,False,24,"Again, depends on your coy. My coy allowed dry biscuits and packet drinks like milk and soy milk but no coffee and other stuff."
gco7i7y_2,negative,random_balance,comment,NationalServiceSG,False,20,Did i stole someone's snack during field camp? Did i cheat the quiz that they told us to do?
dp0qk6_0,neutral,random_balance,submission,singapore,False,19,"NSMan of Singapore, what are the more interesting things you have seen happen during your ICT?. I'll start."
i8w8608_0,neutral,random_balance,comment,NationalServiceSG,False,24,"Immigration officers will only ask for your passport... unless you use the automated clearance.. in which case,  you still need to present your passport"
gzps7nq_2,negative,random_balance,comment,NationalServiceSG,False,20,I’m kinda hoping i won’t become a storeman. Does anyone know what will happen to me now? Thanks
lcbk0bz_0,negative,random_balance,comment,NationalServiceSG,False,13,The question is u feel inferior to him? Why so much interest har
ju8d83q_2,neutral,random_balance,comment,NationalServiceSG,False,83,"Serving an appointment outside of your parent formation is quite common, particularly for commandos at higher appointments because that formation is too small and has few Colonel-and-above appointments within. Doing this does not change your vocation, which is evident on CGO and comd 7SIB. As for beret, generally if the unit doesn't any special rule to wear the unit/formation's beret colour (e.g. Armour), then you are free to wear the colour that comes with your collar badge."
kgghqaj_3,positive,positive_candidate,comment,NationalServiceSG,False,18,"Just communicate, don’t assume like i did. Online part i got nothing to say tbh
Jia yous"
frj96iy_0,neutral,positive_candidate,comment,NationalServiceSG,False,8,If I suey go infantry can downpes right😂
kqia49s_0,neutral,random_balance,comment,NationalServiceSG,False,26,"ohhh, ok! but what do you mean by physicaly tougher than bmt? r u saying that if i skive, foundation term will be tougher than bmt?"
i8supmh_0,positive,positive_candidate,comment,NationalServiceSG,False,54,"I know some of the ASA in my camp picking up new languages, one managed to speak Japanese fluently, another picked up Korean. One ASA also became an expert in excel and most it stuff, he became the unit's it support (they legit give all the COS his number for coy line lol)."
nevy5o9_0,neutral,positive_candidate,comment,NationalServiceSG,True,17,Edited my post. aiyo no need to pm lah unless you really want some1 to talk too.
i2ujbvy_2,neutral,random_balance,comment,NationalServiceSG,False,13,"If your letter states Tekong, is confirm SAF BMT. Not SPF/SCDF BMT"
csapva7_0,neutral,random_balance,comment,singapore,False,83,"&gt; I was using your example that the guy who ord-ed earlier enrolled into uni and is starting school, hence the person who started NS 4 months later getting disruption. well precision is important here so i should clarify: if Dr Wang (the guy in this article) can't get a disruption to get into the UK uni in Oct, neither will his cohort-mates enlisted a few months after him. Both groups have to wait for Oct of the next year."
kjs4hsq_0,negative,random_balance,comment,NationalServiceSG,False,33,u no need so angst ma. parents curious then ask me not like i know also. they js want to know if need settle dinner before he book in or is it provided
mp4waa4_0,neutral,random_balance,comment,NationalServiceSG,False,10,isit possible to go other unit or battalion for reservist?
ihf74qh_0,positive,positive_candidate,comment,askSingapore,False,28,"Haha yeah, I remember that too, good way to pass guard duty time while flipping through the mag. Too bad FHM stopped publishing locally here in 2015 now."
jzh7el0_0,negative,positive_candidate,comment,NationalServiceSG,False,7,HAHHAA part time degree? stay delulu babes
hax7bp5_0,positive,positive_candidate,comment,singapore,True,18,"Brother. Just pray u get in airforce after bmt, 80% of my time is just lepak play phone."
id9m1yl_0,neutral,random_balance,comment,NationalServiceSG,False,16,Not necessarily. I was storeman at 36 SCE (EOD). Had to stay-in for 2 years.
hsg32nz_0,negative,positive_candidate,comment,NationalServiceSG,False,14,hope your future flights won’t need to make an emergency landing in SG…
jodopbt_0,positive,positive_candidate,comment,NationalServiceSG,False,13,"Heard its 3GDS.. I’m 11 Aug too, see you in there bro!"
mgfubi6_0,neutral,positive_candidate,comment,NationalServiceSG,False,9,5 months is even tougher ![ gif](emote|free_emotes_pack|dizzy_face)
jlaix8c_4,positive,positive_candidate,comment,NationalServiceSG,False,19,"Can say I didn’t regret my choice at that time. If you need anything, can just DM me."
md2tkjp_0,positive,positive_candidate,comment,NationalServiceSG,False,18,There are some guys that make you feel a type of way even if you ain't gay.
i4j8dc0_0,neutral,positive_candidate,comment,NationalServiceSG,False,6,have you tried carrying gmpg hahaha
kj5mdbs_0,positive,positive_candidate,comment,NationalServiceSG,False,14,"that's not the point here, point is they are nice people to me"
ntgs9y_1,neutral,random_balance,submission,askSingapore,False,31,I have deferred for NS until Apr 2022 (End of ITE Higher Nitec). I received a letter to submit my pre-enlistment document and to book a date for medical screening.
kjcwpi0_0,positive,positive_candidate,comment,NationalServiceSG,False,9,Hahaha true anyways any camp is better then Tekong
mqhwc3u_0,negative,positive_candidate,comment,askSingapore,True,21,"Got to BMTC FB or his FB. It goes back years. If he really wayang, props for doing it for years."
iq30d93_0,positive,positive_candidate,comment,NationalServiceSG,False,30,"Congrats man. Idk why you're worried 
They say the grass is greener on the other side. Is cause your grass is so bright it transcends into Jesus I swear"
1h2iazr_2,neutral,positive_candidate,submission,NationalServiceSG,False,24,Maybe you can also put AF-Logistics or AF Transport (although they are the same in AF) and AF-ASA too. Oh oh oh!
j1ofrxt_0,neutral,random_balance,comment,singapore,False,88,"[https://www.nas.gov.sg/archivesonline/data/pdfdoc/MINDEF\_20161207001/MINDEF\_20161207003.pdf](https://www.nas.gov.sg/archivesonline/data/pdfdoc/MINDEF_20161207001/MINDEF_20161207003.pdf)

Here's the press release, basically i don't know why it was implemented and many others don't as well. I believe the correct answer would be ""Yes sir."" EDIT: Personally i think part of it is for hiring, rather than show a salary range of the standard rank from 3000-6000 dollars, it can be shown as ME with a smaller range."
hxjczhv_0,neutral,random_balance,comment,NationalServiceSG,False,27,$200 for silver and $300 for GOLD as NSF. Made a video about all the various NS pay according to your rank and incentives as an NSF.
vnc8vz_0,neutral,random_balance,submission,NationalServiceSG,False,20,"Can I disrupt for Uni as a JC Grad?. I’m a J2, asking this as a point of interest."
fzplp00_4,neutral,positive_candidate,comment,NationalServiceSG,False,15,No stupid questions. And at the same time you know what’s going on also.
huopp9f_0,neutral,positive_candidate,comment,NationalServiceSG,False,10,I passed with exactly 61 points and got into scs
nkrgd23_1,positive,positive_candidate,comment,NationalServiceSG,False,53,"If you’re thinking about seeing the medical officer about these issues, I think these are very good reasons to do so. Especially if they are chronic and affect your ability to carry out what is expected of you. May you have the courage to find and receive the help that you need."
mb1fve8_0,positive,positive_candidate,comment,NationalServiceSG,False,4,Woah! Alright thanks man!
my0ower_2,neutral,positive_candidate,comment,NationalServiceSG,False,14,"She obviously thought I was being dramatic (fair). And a couple hrs later, boom."
i7nozsr_0,positive,positive_candidate,comment,NationalServiceSG,False,43,I'd love to stick around this thread and prove your statement wrong over time. What would I even replace him with when he's already the best HAHA. You cant find someone new if your eyes are only fixed on one person~
nriv9bg_0,positive,positive_candidate,comment,NationalServiceSG,True,20,"Thanks, old uncle got 1110 last week for ippt about to MR due to age. You made me feel shiok"
d143auj_0,negative,positive_candidate,comment,singapore,False,32,"Had to wake at 3am today for turnout. At least this time I'm the one holding the loudhailer, and I get to sleep after the turnout. Hooray for abusive sergeant (+2)"
jricw4k_0,positive,positive_candidate,comment,NationalServiceSG,False,69,"OP, as someone who’s been on all three sides of the equation (introverted, introverted but comfy with the group, and extroverted), sometimes it genuinely is about showing multiple faces, if you feel that social inclusion is all important to you. My advice, should you choose to take it, is to let go of your wish to remain “mature” all the time and live in the situation in general."
jwm33dx_0,negative,random_balance,comment,NationalServiceSG,False,10,Lol...somebody is feeling way too important. Seriously dude...faggot.
jreety4_1,positive,positive_candidate,comment,NationalServiceSG,False,10,mc/light duty. edit: u are welcome bro. bp boleh
dtsksqc_0,positive,positive_candidate,comment,singapore,False,33,"Oh, my bad. Thought you were going to ORD this year. You're completely right about not signing up for UCAS then, good luck with your application and hope you find a workaround!"
cxa420v_0,positive,positive_candidate,comment,singapore,False,23,It was fun seeing even weirder people compared to BMT. Lots of self discipline and motivation involved in order to complete your tasks.
jc9gn0l_0,neutral,positive_candidate,comment,singapore,True,8,Ti gong mai lor hor. Got ippt later :|
d71eqav_1,positive,positive_candidate,comment,singapore,False,33,The cookhouse people gave us extra-huge portions and regularly fried up entire trays of nuggets for us to take even when they weren't on the menu. It was pretty awesome really.
mapi7wh_0,neutral,random_balance,comment,NationalServiceSG,True,19,idk leh they never ask me go ffi then suddenly say got equipment check 1 week before the recourse
jeqqgwn_0,neutral,positive_candidate,comment,NationalServiceSG,False,6,"Yeap haha, bronco warrior here haha"
ldfry0h_0,neutral,random_balance,comment,NationalServiceSG,False,15,Iirc there aren’t any MP commissioned officers by vocation? Only people holding NCO ranks?
dixw6p6_0,negative,positive_candidate,comment,singapore,False,25,"Hong kan la 2sir mono intake ahahbahababBHAHAAA

edit:

We wish you all the best in your future posting. Your Posting Order is listed below:
  	  	 
1."
m2npdot_0,neutral,random_balance,comment,NationalServiceSG,False,40,"Definitely possible, NS does not stop you from applying for any schools (regardless of methods)  unless your school starts during your NS period. If that is the case, you will need to consider NS disruption, or school deferment (if possible)."
ljnc9n1_0,neutral,random_balance,comment,NationalServiceSG,False,9,Bro can PM me if you wanna know more!
jup9670_0,neutral,random_balance,comment,NationalServiceSG,False,36,"is it provided by HTA? during my POP a few of us left ironing boards and stuff we don’t wanna bring home under our bed on our last day, for the next batch to use"
ng3wv2o_1,positive,positive_candidate,comment,NationalServiceSG,False,53,"once ur in hq ur life is o much js office work and some hq posting may even let you stay out. even if ur in a coyline spec in bmt or scs, as a sgt u get a lot of privileges and freedom that u wldnt get if you ooc-ed now."
ius036z_0,negative,positive_candidate,comment,NationalServiceSG,False,40,"Brother Jack is bigger than all the sgts put together that one not blanket party that one gonna be a fella in a blanket whacking ppl xD 

(Not suggesting aaaaaanything , but if the section blanket Party him can get charge ?)"
flcrimd_0,neutral,random_balance,comment,singapore,False,35,"Play-e, gamemartz, qisahn all very reputable. Won't cheat u. However note qisahn recently on a down curve, lotsa complaints about their service and handling of prices and pre-orders. Your mileage may vary."
i362g2e_1,negative,positive_candidate,comment,NationalServiceSG,False,28,And they will take all the credit to themselves. My unit have this tradition where every ording nsf is encourage to write a farewell email and cc all.
l9mu2aa_1,positive,positive_candidate,comment,NationalServiceSG,True,53,"The reality (at least in my unit) is that most ppl have enough pride to do their work, and who would never let anyone else “pick up their slack.” It may seem like a lot of responsibility is put on the shoulders of some NSFs, but I think that most take it well."
gy02lyn_1,neutral,random_balance,comment,NationalServiceSG,False,107,"if you’re okay to be treated like a recruit for another 6/7/9 months for additional responsibilities and pay for the next year, go command. doing more would be say, being tasked to do more duties than men due to having lesser sergeants/officers to rotate duty /admin work. do note that as a commander, men will generally have leverage over you bc if something goes wrong, you are the one who have to answer to superiors, not them, so don’t have the mindset of you get to boss people around with your authority. if you want to sign on, see fate231’s reply."
gu9pu8v_0,neutral,random_balance,comment,singapore,False,19,"&gt;mobile

https://sms24.me/

Feel free to pick one

&gt;unit number? Saf unit number? Tekong school 4"
i6rsx3q_0,negative,positive_candidate,comment,NationalServiceSG,False,8,Woah go NS already still like girl ah
m8qfg0c_2,positive,positive_candidate,comment,NationalServiceSG,False,22,Also your IPPT easier to get Gold HAHA. There’s definitely prestige to Commando but it’s just another title. Jiayou bro.
hzy1kiz_0,positive,positive_candidate,comment,NationalServiceSG,False,8,wE dId IT BoIs. dEnGuE iS No mORe.
kgpfyh4_1,positive,positive_candidate,comment,NationalServiceSG,False,81,U need to understand that found term is very packed and the training schedule is extremely tight. My advice would be to tahan through found term first then see where u get posted to before u decide to ooc. I know that found term is difficult because i also felt that the 8 weeks of found term were super shag with thoughts of ooc but what kept me going was my section so try to stay close and encourage each other.
l3kv5f3_0,positive,positive_candidate,comment,NationalServiceSG,False,11,come today is a good day to be a soldier HO
izmqc70_2,positive,positive_candidate,comment,NationalServiceSG,False,36,"AGGRESSIVELY WILL I TACKLE ALL PROBLEMS. I WILL  NOT LET MY COMMANDERS AND MEN DOWN, FOR  THEY RELY ON ME TO DISCHARGE MY DUTIES. DUTY IS MY MAXIM. I WILL ALWAYS BE TRUE TO MY  RESPONSIBILITIES."
mgu5ylj_5,positive,positive_candidate,comment,NationalServiceSG,False,69,"C grades mean that you're slightly above average, and there's a lot of work that needs to be done. i wouldn't worry about econs too much. if you're gonna get tuition for that, just have the right mindset to improve and it's a minimum C (i grinded my ass off for econs w/o tuition and ended up with a C so whatever man)."
1pnolt7_0,neutral,random_balance,submission,NationalServiceSG,False,48,"Can a class 3A driving license be obtained while in combat vocation?. I am currently in a combat vocation(yr 1 soldier, approaching yr2 soon), and did already register for public driving school, however i did try booking driving lessons in advance, and they are all on weekdays."
i79dody_0,neutral,random_balance,comment,NationalServiceSG,False,9,I heard if u got child can stay out
g4ahles_0,neutral,random_balance,comment,NationalServiceSG,False,61,"Yes, every month you have an allowance. [NS ALLOWANCE TABLE](https://www.channelnewsasia.com/image/12491274/0x0/1920/2183/b9abc17eda3cec5eb618a75807cdf9ac/LV/nsfs-and-nsmen-get-increase-in-allowance.png)

Depending on vocation, your pay may differ. For instance, the vocation pay for a transport operator is different from the pay for a combat medic. Meanwhile, your pay also differs from rank."
1ku61b1_0,neutral,positive_candidate,submission,askSingapore,False,149,"Need some clarity for Uniformed Scholarships. Hi guys I need some clarification 

1.Is it possible to continue to become a scdf paramedic if Im able to get the PCS scholarship or the Singapore merit scholarship, cus I see there's also a paramedic scholarship but that's only if you study overseas in paramedicine and I'm not a big fan of studying overseas 🥲

2.Do I have to still complete bmt/brt before I can do Uni for the PCS/Singapore merit scholarship for NS disruption. 3.Do I have to use sec 4 grades for the PCS scholarship or I can use my poly grades cause the way the website puts it confused me 😭


Sorry if my questions a abit dumb, I just wanna get some clarification 😔

Thanks for the help 🙏


Ps: I'm unable to post this on the NS subreddit 😔
Really appreciate the help 🙏"
h9143sp_0,positive,positive_candidate,comment,NationalServiceSG,False,42,"Eat very light bro, literally smth like toast and jam. A banana is good for energy as well, just nothing ""full"" or gets ur bloated. And dont drink milo as it has sugar which risks you becoming nauseous whilst doing ur ippt."
ewlkmoh_0,positive,positive_candidate,comment,singapore,False,43,Enjoy the freedom/ little to no commitments you have because you won't get it when you go out to work full time. PS: Thought I will be an ASA because of my PES but it has become to one foot in DB.
k4dic3k_1,positive,positive_candidate,comment,NationalServiceSG,True,11,"Honestly, it's lepak af. Lights out is probs around 10."
mk4e9ze_0,negative,positive_candidate,comment,NationalServiceSG,False,8,dodgin cops watchin out for opps yea yeaa
mbt1z4r_0,neutral,positive_candidate,comment,NationalServiceSG,False,9,"ohh i see, man recon damn xiong also isit"
fg8nuk_0,neutral,random_balance,submission,singapore,False,34,"I aimed for a scholarship to help relieve the burden and have a decent job after graduation. I was always interested in the defence sector, so I was aiming for DSTA or MINDEF jobs."
i1wqba5_0,positive,positive_candidate,comment,NationalServiceSG,False,24,"I had adjustment problems which still persisted to some extent while I was OOTing in Tekong, I was really relieved to be posted out"
mfvpgrn_0,negative,random_balance,comment,NationalServiceSG,False,3,Absolute dogshit pay.
l4z73cx_0,positive,positive_candidate,comment,NationalServiceSG,False,15,Let's do the ang moh style of saying it. Thank you for your service.
jam47lr_4,neutral,random_balance,comment,NationalServiceSG,False,48,"While you’re OOC’d, unless your OC likes you you would be thrown to an OOC room where you sit and do nothing from 8am to 5pm. If he likes you you’ll get a temporary vocation as admin for the courses in CDA (FFC, SCC, RCC)."
ll5rw8v_0,neutral,random_balance,comment,NationalServiceSG,False,6,Wrong. It depends on his injury.
k0tvmtu_0,positive,positive_candidate,comment,NationalServiceSG,False,6,expect flowers and roses and bliss
eamnaeg_0,positive,positive_candidate,comment,singapore,False,16,Tio once. One fellow lost gas regulator in BMT. Hope you guys get over it soon.
nniw52s_0,neutral,random_balance,comment,NationalServiceSG,False,5,which mmi are you calling?
h8bb9db_0,positive,positive_candidate,comment,NationalServiceSG,False,6,"Good luck OP, rooting for ya"
i0qh2g7_2,positive,positive_candidate,comment,NationalServiceSG,False,16,Trust me . I also missed my family a lot and they definitely do miss you too.
igvqag2_1,neutral,random_balance,comment,NationalServiceSG,False,23,"For my unit, we just did a platoon gathering to mark our 1 year MR Anniversary. I am not sure lifelong or nt."
m259m7b_1,neutral,random_balance,comment,NationalServiceSG,False,25,"what type of bag should i bring for my first day (duffle bag/ camping bag etc...)


5. can i bring an electric shaver to ns?"
1nr2jap_0,positive,positive_candidate,submission,NationalServiceSG,False,31,"Welcome to tekong, oct bmt batch. Those who come rocky hill, 4th coy and platoon 4. Good luck carrying your stuff up to level six if you bring a shit ton 👍"
fickyie_0,neutral,random_balance,comment,singapore,False,58,"I stay at Tampines and I'm having my ICT on 2 March at Sungei Gedong camp, anyone going for ICT also and want to share Grab? Also, If you are driving and don't mind letting me tompang you I'm willing to give a modest sum of kopi money to you :P

Please PM me! Thanks!"
guy02jg_0,neutral,positive_candidate,comment,NationalServiceSG,False,6,BRUH wish there was that option 😂
