topic_id,count,name,keywords,scores
0,503904,0_to_the_you_and,"to, the, you, and, in, for, is, of, it, that","0.0307, 0.0281, 0.0271, 0.0258, 0.0230, 0.0208, 0.0205, 0.0203, 0.0198, 0.0172"
1,65290,1_to_pes_and_you,"to, pes, and, you, the, my, it, for, your, if","0.0352, 0.0349, 0.0288, 0.0288, 0.0263, 0.0235, 0.0224, 0.0221, 0.0213, 0.0203"
2,58133,2_the_of_to_and,"the, of, to, and, that, in, is, for, singapore, it","0.0360, 0.0305, 0.0297, 0.0278, 0.0245, 0.0237, 0.0233, 0.0201, 0.0198, 0.0191"
3,22718,3_ord_the_to_for,"ord, the, to, for, and, you, it, in, my, of","0.0443, 0.0289, 0.0276, 0.0223, 0.0217, 0.0209, 0.0198, 0.0183, 0.0175, 0.0173"
4,18081,4_to_and_ippt_you,"to, and, ippt, you, the, run, for, do, ups, my","0.0302, 0.0287, 0.0284, 0.0280, 0.0265, 0.0254, 0.0237, 0.0223, 0.0221, 0.0216"
5,17944,5_rules_post_read_the,"rules, post, read, the, removed, readtherulesapp, acknowledgement, menu, nationalservicesg, subreddit","0.1145, 0.0953, 0.0909, 0.0694, 0.0577, 0.0570, 0.0567, 0.0562, 0.0553, 0.0542"
6,14861,6_the_and_bunk_in,"the, and, bunk, in, to, it, was, of, my, at","0.0402, 0.0289, 0.0287, 0.0287, 0.0259, 0.0248, 0.0238, 0.0229, 0.0208, 0.0173"
7,7604,7_dental_11b_wisdom_tooth,"dental, 11b, wisdom, tooth, covered, to, the, for, it, polyclinic","0.0461, 0.0442, 0.0418, 0.0357, 0.0347, 0.0332, 0.0305, 0.0301, 0.0278, 0.0266"
8,5733,8_ict_to_the_and,"ict, to, the, and, for, it, is, in, my, you","0.0922, 0.0291, 0.0285, 0.0261, 0.0247, 0.0232, 0.0210, 0.0206, 0.0202, 0.0191"
9,3580,9_mindef_the_to_is,"mindef, the, to, is, of, and, that, it, for, this","0.1695, 0.0346, 0.0307, 0.0252, 0.0231, 0.0229, 0.0217, 0.0205, 0.0190, 0.0182"
10,3111,10_boots_shoes_emart_the,"boots, shoes, emart, the, altama, it, kiwi, for, and, shoe","0.1107, 0.0503, 0.0479, 0.0347, 0.0297, 0.0284, 0.0281, 0.0265, 0.0262, 0.0252"
11,3014,11_encik_grandmother_my_the,"encik, grandmother, my, the, you, he, me, to, is, your","0.2857, 0.0430, 0.0356, 0.0291, 0.0284, 0.0269, 0.0248, 0.0230, 0.0212, 0.0192"
12,3012,12_the_of_gt_victim,"the, of, gt, victim, to, and, that, he, his, police","0.0465, 0.0347, 0.0332, 0.0296, 0.0291, 0.0279, 0.0253, 0.0230, 0.0228, 0.0223"
13,1974,13_emart_credits_credit_buy,"emart, credits, credit, buy, cash, can, items, the, use, to","0.2467, 0.1027, 0.0563, 0.0561, 0.0329, 0.0317, 0.0304, 0.0287, 0.0278, 0.0272"
14,1479,14_thanks_any_advice_help,"thanks, any, advice, help, thank, appreciated, advance, anyone, what, this","0.0889, 0.0763, 0.0731, 0.0615, 0.0549, 0.0509, 0.0504, 0.0472, 0.0433, 0.0424"
15,1182,15_water_tekong_cough_the,"water, tekong, cough, the, it, tap, is, coughing, in, of","0.1357, 0.1257, 0.1189, 0.0416, 0.0315, 0.0262, 0.0256, 0.0250, 0.0248, 0.0241"
16,1072,16_hdb_property_the_to,"hdb, property, the, to, housing, of, and, in, for, flat","0.0423, 0.0385, 0.0379, 0.0315, 0.0304, 0.0285, 0.0276, 0.0243, 0.0234, 0.0223"
17,968,17_products_product_the_to,"products, product, the, to, and, mlm, of, they, their, sell","0.0491, 0.0371, 0.0370, 0.0326, 0.0314, 0.0284, 0.0279, 0.0267, 0.0247, 0.0226"
18,645,18_compass_test_the_for,"compass, test, the, for, pilot, you, to, and, aeromed, aeromedical","0.1675, 0.1205, 0.0385, 0.0374, 0.0332, 0.0294, 0.0285, 0.0275, 0.0244, 0.0241"
